2025-10-28 19:13:02,799 [Worker-2: Loading available Gradle versions] INFO  o.e.b.c.i.u.g.PublishedGradleVersions - Gradle version information cache is not available. Remote download required.
2025-10-28 19:23:34,708 [Worker-2: Loading available Gradle versions] INFO  o.e.b.c.i.u.g.PublishedGradleVersions - Gradle version information cache is up-to-date. Trying to read.
2025-10-28 19:57:23,265 [Worker-10: Import Getting Started Content] INFO  o.e.m.c.i.l.LifecycleMappingFactory - Using org.eclipse.m2e.jdt.JarLifecycleMapping lifecycle mapping for MavenProject: com.example:VoteZy:0.0.1-SNAPSHOT @ D:\OnlineVotingApplication Project SpringBoot\VoteZy\pom.xml.
2025-10-28 19:57:27,785 [Worker-10: Import Getting Started Content] INFO  o.e.m.j.i.AbstractJavaProjectConfigurator - Adding source folder /VoteZy/src/main/java
2025-10-28 19:57:27,785 [Worker-10: Import Getting Started Content] INFO  o.e.m.j.i.AbstractJavaProjectConfigurator - Adding resource folder /VoteZy/src/main/resources
2025-10-28 19:57:27,827 [Worker-10: Import Getting Started Content] INFO  o.e.m.j.i.AbstractJavaProjectConfigurator - Adding resource folder /VoteZy/src/main/resources
2025-10-28 19:57:27,858 [Worker-10: Import Getting Started Content] INFO  o.e.m.j.i.AbstractJavaProjectConfigurator - Adding source folder /VoteZy/src/test/java
2025-10-28 19:57:27,860 [Worker-10: Import Getting Started Content] INFO  o.e.m.j.i.AbstractJavaProjectConfigurator - Adding resource folder /VoteZy/src/test/resources
2025-10-28 19:57:31,867 [Worker-10: Import Getting Started Content] INFO  o.e.m.c.i.p.ProjectConfigurationManager - Imported and configured 1 project(s) in 16 sec
2025-10-28 19:57:31,879 [Worker-10: Import Getting Started Content] INFO  o.e.m.c.i.p.ProjectConfigurationManager - Update started
2025-10-28 19:57:33,474 [Worker-10: Import Getting Started Content] INFO  o.e.m.c.i.l.LifecycleMappingFactory - Using org.eclipse.m2e.jdt.JarLifecycleMapping lifecycle mapping for MavenProject: com.example:VoteZy:0.0.1-SNAPSHOT @ D:\OnlineVotingApplication Project SpringBoot\VoteZy\pom.xml.
2025-10-28 19:57:35,865 [Worker-10: Import Getting Started Content] INFO  o.e.m.j.i.AbstractJavaProjectConfigurator - Adding source folder /VoteZy/src/main/java
2025-10-28 19:57:35,865 [Worker-10: Import Getting Started Content] INFO  o.e.m.j.i.AbstractJavaProjectConfigurator - Adding resource folder /VoteZy/src/main/resources
2025-10-28 19:57:35,865 [Worker-10: Import Getting Started Content] INFO  o.e.m.j.i.AbstractJavaProjectConfigurator - Adding resource folder /VoteZy/src/main/resources
2025-10-28 19:57:35,869 [Worker-10: Import Getting Started Content] INFO  o.e.m.j.i.AbstractJavaProjectConfigurator - Adding source folder /VoteZy/src/test/java
2025-10-28 19:57:35,871 [Worker-10: Import Getting Started Content] INFO  o.e.m.j.i.AbstractJavaProjectConfigurator - Adding resource folder /VoteZy/src/test/resources
2025-10-28 19:57:37,388 [Worker-10: Import Getting Started Content] INFO  o.e.m.c.i.p.ProjectConfigurationManager - Update completed for 1 poms: local refresh takes 0.00 sec, refresh facades takes 3.00 sec, update config takes 1.00 sec 
2025-10-28 19:57:37,487 [Worker-8: Updating Maven Project] INFO  o.e.m.c.i.p.ProjectConfigurationManager - Update started
2025-10-28 19:57:39,016 [Worker-8: Updating Maven Project] INFO  o.e.m.c.i.l.LifecycleMappingFactory - Using org.eclipse.m2e.jdt.JarLifecycleMapping lifecycle mapping for MavenProject: com.example:VoteZy:0.0.1-SNAPSHOT @ D:\OnlineVotingApplication Project SpringBoot\VoteZy\pom.xml.
2025-10-28 19:57:41,455 [Worker-8: Updating Maven Project] INFO  o.e.m.j.i.AbstractJavaProjectConfigurator - Adding source folder /VoteZy/src/main/java
2025-10-28 19:57:41,455 [Worker-8: Updating Maven Project] INFO  o.e.m.j.i.AbstractJavaProjectConfigurator - Adding resource folder /VoteZy/src/main/resources
2025-10-28 19:57:41,465 [Worker-8: Updating Maven Project] INFO  o.e.m.j.i.AbstractJavaProjectConfigurator - Adding resource folder /VoteZy/src/main/resources
2025-10-28 19:57:41,465 [Worker-8: Updating Maven Project] INFO  o.e.m.j.i.AbstractJavaProjectConfigurator - Adding source folder /VoteZy/src/test/java
2025-10-28 19:57:41,465 [Worker-8: Updating Maven Project] INFO  o.e.m.j.i.AbstractJavaProjectConfigurator - Adding resource folder /VoteZy/src/test/resources
2025-10-28 19:57:42,665 [Worker-8: Updating Maven Project] INFO  o.e.m.c.i.p.ProjectConfigurationManager - Update completed for 1 poms: local refresh takes 0.00 sec, refresh facades takes 3.00 sec, update config takes 1.00 sec 
2025-10-28 19:57:44,197 [Worker-21: Building] INFO  o.a.m.s.f.DefaultMavenResourcesFiltering - Copying 1 resource from src\main\resources to target\classes
2025-10-28 19:57:44,255 [Worker-21: Building] INFO  o.a.m.s.f.DefaultMavenResourcesFiltering - Copying 0 resource from src\main\resources to target\classes
2025-10-28 19:57:44,270 [Worker-21: Building] INFO  o.a.m.s.f.DefaultMavenResourcesFiltering - skip non existing resourceDirectory D:\OnlineVotingApplication Project SpringBoot\VoteZy\src\test\resources
2025-10-28 23:25:44,837 [Worker-7: Loading available Gradle versions] INFO  o.e.b.c.i.u.g.PublishedGradleVersions - Gradle version information cache is up-to-date. Trying to read.
2025-10-28 23:26:29,887 [Worker-3: Building] INFO  o.a.m.s.f.DefaultMavenResourcesFiltering - Copying 1 resource from src\main\resources to target\classes
2025-10-28 23:26:29,907 [Worker-3: Building] INFO  o.a.m.s.f.DefaultMavenResourcesFiltering - Copying 0 resource from src\main\resources to target\classes
2025-10-28 23:26:29,914 [Worker-3: Building] INFO  o.a.m.s.f.DefaultMavenResourcesFiltering - skip non existing resourceDirectory D:\OnlineVotingApplication Project SpringBoot\VoteZy\src\test\resources
2025-10-28 23:27:15,824 [Worker-9: Building] INFO  o.a.m.s.f.DefaultMavenResourcesFiltering - Copying 1 resource from src\main\resources to target\classes
2025-10-28 23:27:15,834 [Worker-9: Building] INFO  o.a.m.s.f.DefaultMavenResourcesFiltering - Copying 0 resource from src\main\resources to target\classes
2025-10-28 23:27:15,838 [Worker-9: Building] INFO  o.a.m.s.f.DefaultMavenResourcesFiltering - skip non existing resourceDirectory D:\OnlineVotingApplication Project SpringBoot\VoteZy\src\test\resources
2025-10-28 23:33:38,993 [Worker-9: Building] INFO  o.a.m.s.f.DefaultMavenResourcesFiltering - Copying 1 resource from src\main\resources to target\classes
2025-10-28 23:33:39,003 [Worker-9: Building] INFO  o.a.m.s.f.DefaultMavenResourcesFiltering - Copying 0 resource from src\main\resources to target\classes
2025-10-28 23:33:39,008 [Worker-9: Building] INFO  o.a.m.s.f.DefaultMavenResourcesFiltering - skip non existing resourceDirectory D:\OnlineVotingApplication Project SpringBoot\VoteZy\src\test\resources
2025-10-28 23:36:11,641 [Worker-16: Building] INFO  o.a.m.s.f.DefaultMavenResourcesFiltering - Copying 1 resource from src\main\resources to target\classes
2025-10-28 23:36:11,652 [Worker-16: Building] INFO  o.a.m.s.f.DefaultMavenResourcesFiltering - Copying 0 resource from src\main\resources to target\classes
2025-10-28 23:36:11,659 [Worker-16: Building] INFO  o.a.m.s.f.DefaultMavenResourcesFiltering - skip non existing resourceDirectory D:\OnlineVotingApplication Project SpringBoot\VoteZy\src\test\resources
2025-10-28 23:36:25,554 [Worker-15: Building] INFO  o.a.m.s.f.DefaultMavenResourcesFiltering - Copying 1 resource from src\main\resources to target\classes
2025-10-28 23:36:25,566 [Worker-15: Building] INFO  o.a.m.s.f.DefaultMavenResourcesFiltering - Copying 0 resource from src\main\resources to target\classes
2025-10-28 23:36:25,573 [Worker-15: Building] INFO  o.a.m.s.f.DefaultMavenResourcesFiltering - skip non existing resourceDirectory D:\OnlineVotingApplication Project SpringBoot\VoteZy\src\test\resources
2025-10-28 23:36:40,150 [Worker-15: Building] INFO  o.a.m.s.f.DefaultMavenResourcesFiltering - Copying 1 resource from src\main\resources to target\classes
2025-10-28 23:36:40,162 [Worker-15: Building] INFO  o.a.m.s.f.DefaultMavenResourcesFiltering - Copying 0 resource from src\main\resources to target\classes
2025-10-28 23:36:40,168 [Worker-15: Building] INFO  o.a.m.s.f.DefaultMavenResourcesFiltering - skip non existing resourceDirectory D:\OnlineVotingApplication Project SpringBoot\VoteZy\src\test\resources
2025-10-28 23:36:51,925 [Worker-17: Building] INFO  o.a.m.s.f.DefaultMavenResourcesFiltering - Copying 1 resource from src\main\resources to target\classes
2025-10-28 23:36:51,937 [Worker-17: Building] INFO  o.a.m.s.f.DefaultMavenResourcesFiltering - Copying 0 resource from src\main\resources to target\classes
2025-10-28 23:36:51,940 [Worker-17: Building] INFO  o.a.m.s.f.DefaultMavenResourcesFiltering - skip non existing resourceDirectory D:\OnlineVotingApplication Project SpringBoot\VoteZy\src\test\resources
2025-10-28 23:40:16,855 [Worker-17: Building] INFO  o.a.m.s.f.DefaultMavenResourcesFiltering - Copying 1 resource from src\main\resources to target\classes
2025-10-28 23:40:16,864 [Worker-17: Building] INFO  o.a.m.s.f.DefaultMavenResourcesFiltering - Copying 0 resource from src\main\resources to target\classes
2025-10-28 23:40:16,867 [Worker-17: Building] INFO  o.a.m.s.f.DefaultMavenResourcesFiltering - skip non existing resourceDirectory D:\OnlineVotingApplication Project SpringBoot\VoteZy\src\test\resources
2025-10-28 23:47:14,791 [Worker-19: Building] INFO  o.a.m.s.f.DefaultMavenResourcesFiltering - Copying 1 resource from src\main\resources to target\classes
2025-10-28 23:47:14,811 [Worker-19: Building] INFO  o.a.m.s.f.DefaultMavenResourcesFiltering - Copying 0 resource from src\main\resources to target\classes
2025-10-28 23:47:14,818 [Worker-19: Building] INFO  o.a.m.s.f.DefaultMavenResourcesFiltering - skip non existing resourceDirectory D:\OnlineVotingApplication Project SpringBoot\VoteZy\src\test\resources
2025-10-28 23:50:52,224 [Worker-18: Building] INFO  o.e.m.c.i.l.LifecycleMappingFactory - Using org.eclipse.m2e.jdt.JarLifecycleMapping lifecycle mapping for MavenProject: com.example:VoteZy:0.0.1-SNAPSHOT @ D:\OnlineVotingApplication Project SpringBoot\VoteZy\pom.xml.
2025-10-28 23:50:53,246 [Worker-18: Building] INFO  o.a.m.s.f.DefaultMavenResourcesFiltering - Copying 1 resource from src\main\resources to target\classes
2025-10-28 23:50:53,286 [Worker-18: Building] INFO  o.a.m.s.f.DefaultMavenResourcesFiltering - Copying 0 resource from src\main\resources to target\classes
2025-10-28 23:50:53,293 [Worker-18: Building] INFO  o.a.m.s.f.DefaultMavenResourcesFiltering - skip non existing resourceDirectory D:\OnlineVotingApplication Project SpringBoot\VoteZy\src\test\resources
2025-10-28 23:50:54,604 [Worker-26: Building] INFO  o.a.m.s.f.DefaultMavenResourcesFiltering - Copying 1 resource from src\main\resources to target\classes
2025-10-28 23:50:54,630 [Worker-26: Building] INFO  o.a.m.s.f.DefaultMavenResourcesFiltering - Copying 0 resource from src\main\resources to target\classes
2025-10-28 23:50:54,635 [Worker-26: Building] INFO  o.a.m.s.f.DefaultMavenResourcesFiltering - skip non existing resourceDirectory D:\OnlineVotingApplication Project SpringBoot\VoteZy\src\test\resources
2025-10-28 23:52:22,464 [Worker-24: Building] INFO  o.a.m.s.f.DefaultMavenResourcesFiltering - Copying 1 resource from src\main\resources to target\classes
2025-10-28 23:52:22,472 [Worker-24: Building] INFO  o.a.m.s.f.DefaultMavenResourcesFiltering - Copying 0 resource from src\main\resources to target\classes
2025-10-28 23:52:22,475 [Worker-24: Building] INFO  o.a.m.s.f.DefaultMavenResourcesFiltering - skip non existing resourceDirectory D:\OnlineVotingApplication Project SpringBoot\VoteZy\src\test\resources
2025-10-28 23:53:36,571 [Worker-26: Building] INFO  o.a.m.s.f.DefaultMavenResourcesFiltering - Copying 1 resource from src\main\resources to target\classes
2025-10-28 23:53:36,581 [Worker-26: Building] INFO  o.a.m.s.f.DefaultMavenResourcesFiltering - Copying 0 resource from src\main\resources to target\classes
2025-10-28 23:53:36,584 [Worker-26: Building] INFO  o.a.m.s.f.DefaultMavenResourcesFiltering - skip non existing resourceDirectory D:\OnlineVotingApplication Project SpringBoot\VoteZy\src\test\resources
2025-10-28 23:59:42,503 [Worker-17: Building] INFO  o.a.m.s.f.DefaultMavenResourcesFiltering - Copying 1 resource from src\main\resources to target\classes
2025-10-28 23:59:42,512 [Worker-17: Building] INFO  o.a.m.s.f.DefaultMavenResourcesFiltering - Copying 0 resource from src\main\resources to target\classes
2025-10-28 23:59:42,515 [Worker-17: Building] INFO  o.a.m.s.f.DefaultMavenResourcesFiltering - skip non existing resourceDirectory D:\OnlineVotingApplication Project SpringBoot\VoteZy\src\test\resources
2025-10-29 00:08:07,027 [Worker-32: Building] INFO  o.a.m.s.f.DefaultMavenResourcesFiltering - Copying 1 resource from src\main\resources to target\classes
2025-10-29 00:08:07,045 [Worker-32: Building] INFO  o.a.m.s.f.DefaultMavenResourcesFiltering - Copying 0 resource from src\main\resources to target\classes
2025-10-29 00:08:07,051 [Worker-32: Building] INFO  o.a.m.s.f.DefaultMavenResourcesFiltering - skip non existing resourceDirectory D:\OnlineVotingApplication Project SpringBoot\VoteZy\src\test\resources
2025-10-29 01:04:26,037 [Worker-42: Building] INFO  o.a.m.s.f.DefaultMavenResourcesFiltering - Copying 1 resource from src\main\resources to target\classes
2025-10-29 01:04:26,047 [Worker-42: Building] INFO  o.a.m.s.f.DefaultMavenResourcesFiltering - Copying 0 resource from src\main\resources to target\classes
2025-10-29 01:04:26,051 [Worker-42: Building] INFO  o.a.m.s.f.DefaultMavenResourcesFiltering - skip non existing resourceDirectory D:\OnlineVotingApplication Project SpringBoot\VoteZy\src\test\resources
2025-10-29 01:04:57,392 [Worker-43: Building] INFO  o.a.m.s.f.DefaultMavenResourcesFiltering - Copying 1 resource from src\main\resources to target\classes
2025-10-29 01:04:57,415 [Worker-43: Building] INFO  o.a.m.s.f.DefaultMavenResourcesFiltering - Copying 0 resource from src\main\resources to target\classes
2025-10-29 01:04:57,420 [Worker-43: Building] INFO  o.a.m.s.f.DefaultMavenResourcesFiltering - skip non existing resourceDirectory D:\OnlineVotingApplication Project SpringBoot\VoteZy\src\test\resources
2025-10-29 01:05:14,530 [Worker-39: Building] INFO  o.a.m.s.f.DefaultMavenResourcesFiltering - Copying 1 resource from src\main\resources to target\classes
2025-10-29 01:05:14,541 [Worker-39: Building] INFO  o.a.m.s.f.DefaultMavenResourcesFiltering - Copying 0 resource from src\main\resources to target\classes
2025-10-29 01:05:14,548 [Worker-39: Building] INFO  o.a.m.s.f.DefaultMavenResourcesFiltering - skip non existing resourceDirectory D:\OnlineVotingApplication Project SpringBoot\VoteZy\src\test\resources
2025-10-29 17:17:49,106 [Worker-4: Loading available Gradle versions] INFO  o.e.b.c.i.u.g.PublishedGradleVersions - Gradle version information cache is up-to-date. Trying to read.
2025-10-29 18:21:16,698 [Worker-24: Building] INFO  o.a.m.s.f.DefaultMavenResourcesFiltering - Copying 1 resource from src\main\resources to target\classes
2025-10-29 18:21:16,752 [Worker-24: Building] INFO  o.a.m.s.f.DefaultMavenResourcesFiltering - Copying 0 resource from src\main\resources to target\classes
2025-10-29 18:21:16,759 [Worker-24: Building] INFO  o.a.m.s.f.DefaultMavenResourcesFiltering - skip non existing resourceDirectory D:\OnlineVotingApplication Project SpringBoot\VoteZy\src\test\resources
2025-10-29 18:27:12,694 [Worker-28: Building] INFO  o.a.m.s.f.DefaultMavenResourcesFiltering - Copying 1 resource from src\main\resources to target\classes
2025-10-29 18:27:12,707 [Worker-28: Building] INFO  o.a.m.s.f.DefaultMavenResourcesFiltering - Copying 0 resource from src\main\resources to target\classes
2025-10-29 18:27:12,712 [Worker-28: Building] INFO  o.a.m.s.f.DefaultMavenResourcesFiltering - skip non existing resourceDirectory D:\OnlineVotingApplication Project SpringBoot\VoteZy\src\test\resources
2025-10-29 18:43:27,326 [Worker-24: Building] INFO  o.a.m.s.f.DefaultMavenResourcesFiltering - Copying 1 resource from src\main\resources to target\classes
2025-10-29 18:43:27,357 [Worker-24: Building] INFO  o.a.m.s.f.DefaultMavenResourcesFiltering - Copying 0 resource from src\main\resources to target\classes
2025-10-29 18:43:27,363 [Worker-24: Building] INFO  o.a.m.s.f.DefaultMavenResourcesFiltering - skip non existing resourceDirectory D:\OnlineVotingApplication Project SpringBoot\VoteZy\src\test\resources
2025-10-29 18:44:06,257 [Worker-24: Building] INFO  o.a.m.s.f.DefaultMavenResourcesFiltering - Copying 1 resource from src\main\resources to target\classes
2025-10-29 18:44:06,265 [Worker-24: Building] INFO  o.a.m.s.f.DefaultMavenResourcesFiltering - Copying 0 resource from src\main\resources to target\classes
2025-10-29 18:44:06,270 [Worker-24: Building] INFO  o.a.m.s.f.DefaultMavenResourcesFiltering - skip non existing resourceDirectory D:\OnlineVotingApplication Project SpringBoot\VoteZy\src\test\resources
2025-10-29 18:44:39,142 [Worker-26: Building] INFO  o.a.m.s.f.DefaultMavenResourcesFiltering - Copying 1 resource from src\main\resources to target\classes
2025-10-29 18:44:39,151 [Worker-26: Building] INFO  o.a.m.s.f.DefaultMavenResourcesFiltering - Copying 0 resource from src\main\resources to target\classes
2025-10-29 18:44:39,158 [Worker-26: Building] INFO  o.a.m.s.f.DefaultMavenResourcesFiltering - skip non existing resourceDirectory D:\OnlineVotingApplication Project SpringBoot\VoteZy\src\test\resources
2025-10-29 18:47:23,223 [Worker-26: Building] INFO  o.a.m.s.f.DefaultMavenResourcesFiltering - Copying 1 resource from src\main\resources to target\classes
2025-10-29 18:47:23,231 [Worker-26: Building] INFO  o.a.m.s.f.DefaultMavenResourcesFiltering - Copying 0 resource from src\main\resources to target\classes
2025-10-29 18:47:23,237 [Worker-26: Building] INFO  o.a.m.s.f.DefaultMavenResourcesFiltering - skip non existing resourceDirectory D:\OnlineVotingApplication Project SpringBoot\VoteZy\src\test\resources
2025-10-29 18:47:40,960 [Worker-31: Building] INFO  o.a.m.s.f.DefaultMavenResourcesFiltering - Copying 1 resource from src\main\resources to target\classes
2025-10-29 18:47:40,974 [Worker-31: Building] INFO  o.a.m.s.f.DefaultMavenResourcesFiltering - Copying 0 resource from src\main\resources to target\classes
2025-10-29 18:47:40,980 [Worker-31: Building] INFO  o.a.m.s.f.DefaultMavenResourcesFiltering - skip non existing resourceDirectory D:\OnlineVotingApplication Project SpringBoot\VoteZy\src\test\resources
2025-10-29 19:11:22,812 [Worker-33: Building] INFO  o.a.m.s.f.DefaultMavenResourcesFiltering - Copying 1 resource from src\main\resources to target\classes
2025-10-29 19:11:22,877 [Worker-33: Building] INFO  o.a.m.s.f.DefaultMavenResourcesFiltering - Copying 0 resource from src\main\resources to target\classes
2025-10-29 19:11:22,893 [Worker-33: Building] INFO  o.a.m.s.f.DefaultMavenResourcesFiltering - skip non existing resourceDirectory D:\OnlineVotingApplication Project SpringBoot\VoteZy\src\test\resources
2025-10-29 19:12:03,630 [Worker-35: Building] INFO  o.a.m.s.f.DefaultMavenResourcesFiltering - Copying 1 resource from src\main\resources to target\classes
2025-10-29 19:12:03,643 [Worker-35: Building] INFO  o.a.m.s.f.DefaultMavenResourcesFiltering - Copying 0 resource from src\main\resources to target\classes
2025-10-29 19:12:03,649 [Worker-35: Building] INFO  o.a.m.s.f.DefaultMavenResourcesFiltering - skip non existing resourceDirectory D:\OnlineVotingApplication Project SpringBoot\VoteZy\src\test\resources
2025-10-29 19:12:24,419 [Worker-31: Building] INFO  o.a.m.s.f.DefaultMavenResourcesFiltering - Copying 1 resource from src\main\resources to target\classes
2025-10-29 19:12:24,430 [Worker-31: Building] INFO  o.a.m.s.f.DefaultMavenResourcesFiltering - Copying 0 resource from src\main\resources to target\classes
2025-10-29 19:12:24,434 [Worker-31: Building] INFO  o.a.m.s.f.DefaultMavenResourcesFiltering - skip non existing resourceDirectory D:\OnlineVotingApplication Project SpringBoot\VoteZy\src\test\resources
2025-10-29 19:12:38,418 [Worker-34: Building] INFO  o.a.m.s.f.DefaultMavenResourcesFiltering - Copying 1 resource from src\main\resources to target\classes
2025-10-29 19:12:38,430 [Worker-34: Building] INFO  o.a.m.s.f.DefaultMavenResourcesFiltering - Copying 0 resource from src\main\resources to target\classes
2025-10-29 19:12:38,438 [Worker-34: Building] INFO  o.a.m.s.f.DefaultMavenResourcesFiltering - skip non existing resourceDirectory D:\OnlineVotingApplication Project SpringBoot\VoteZy\src\test\resources
2025-10-29 19:13:19,563 [Worker-31: Building] INFO  o.a.m.s.f.DefaultMavenResourcesFiltering - Copying 1 resource from src\main\resources to target\classes
2025-10-29 19:13:19,573 [Worker-31: Building] INFO  o.a.m.s.f.DefaultMavenResourcesFiltering - Copying 0 resource from src\main\resources to target\classes
2025-10-29 19:13:19,579 [Worker-31: Building] INFO  o.a.m.s.f.DefaultMavenResourcesFiltering - skip non existing resourceDirectory D:\OnlineVotingApplication Project SpringBoot\VoteZy\src\test\resources
2025-10-29 19:14:36,306 [Worker-34: Building] INFO  o.a.m.s.f.DefaultMavenResourcesFiltering - Copying 1 resource from src\main\resources to target\classes
2025-10-29 19:14:36,315 [Worker-34: Building] INFO  o.a.m.s.f.DefaultMavenResourcesFiltering - Copying 0 resource from src\main\resources to target\classes
2025-10-29 19:14:36,320 [Worker-34: Building] INFO  o.a.m.s.f.DefaultMavenResourcesFiltering - skip non existing resourceDirectory D:\OnlineVotingApplication Project SpringBoot\VoteZy\src\test\resources
2025-10-29 19:17:54,291 [Worker-26: Building] INFO  o.a.m.s.f.DefaultMavenResourcesFiltering - Copying 1 resource from src\main\resources to target\classes
2025-10-29 19:17:54,303 [Worker-26: Building] INFO  o.a.m.s.f.DefaultMavenResourcesFiltering - Copying 0 resource from src\main\resources to target\classes
2025-10-29 19:17:54,312 [Worker-26: Building] INFO  o.a.m.s.f.DefaultMavenResourcesFiltering - skip non existing resourceDirectory D:\OnlineVotingApplication Project SpringBoot\VoteZy\src\test\resources
2025-10-29 19:19:19,328 [Worker-38: Building] INFO  o.a.m.s.f.DefaultMavenResourcesFiltering - Copying 1 resource from src\main\resources to target\classes
2025-10-29 19:19:19,339 [Worker-38: Building] INFO  o.a.m.s.f.DefaultMavenResourcesFiltering - Copying 0 resource from src\main\resources to target\classes
2025-10-29 19:19:19,345 [Worker-38: Building] INFO  o.a.m.s.f.DefaultMavenResourcesFiltering - skip non existing resourceDirectory D:\OnlineVotingApplication Project SpringBoot\VoteZy\src\test\resources
2025-10-29 19:19:49,529 [Worker-33: Building] INFO  o.a.m.s.f.DefaultMavenResourcesFiltering - Copying 1 resource from src\main\resources to target\classes
2025-10-29 19:19:49,540 [Worker-33: Building] INFO  o.a.m.s.f.DefaultMavenResourcesFiltering - Copying 0 resource from src\main\resources to target\classes
2025-10-29 19:19:49,543 [Worker-33: Building] INFO  o.a.m.s.f.DefaultMavenResourcesFiltering - skip non existing resourceDirectory D:\OnlineVotingApplication Project SpringBoot\VoteZy\src\test\resources
2025-10-29 19:20:50,525 [Worker-33: Building] INFO  o.a.m.s.f.DefaultMavenResourcesFiltering - Copying 1 resource from src\main\resources to target\classes
2025-10-29 19:20:50,547 [Worker-33: Building] INFO  o.a.m.s.f.DefaultMavenResourcesFiltering - Copying 0 resource from src\main\resources to target\classes
2025-10-29 19:20:50,557 [Worker-33: Building] INFO  o.a.m.s.f.DefaultMavenResourcesFiltering - skip non existing resourceDirectory D:\OnlineVotingApplication Project SpringBoot\VoteZy\src\test\resources
2025-10-29 19:21:08,347 [Worker-33: Building] INFO  o.a.m.s.f.DefaultMavenResourcesFiltering - Copying 1 resource from src\main\resources to target\classes
2025-10-29 19:21:08,353 [Worker-33: Building] INFO  o.a.m.s.f.DefaultMavenResourcesFiltering - Copying 0 resource from src\main\resources to target\classes
2025-10-29 19:21:08,358 [Worker-33: Building] INFO  o.a.m.s.f.DefaultMavenResourcesFiltering - skip non existing resourceDirectory D:\OnlineVotingApplication Project SpringBoot\VoteZy\src\test\resources
2025-10-29 19:21:34,224 [Worker-38: Building] INFO  o.a.m.s.f.DefaultMavenResourcesFiltering - Copying 1 resource from src\main\resources to target\classes
2025-10-29 19:21:34,230 [Worker-38: Building] INFO  o.a.m.s.f.DefaultMavenResourcesFiltering - Copying 0 resource from src\main\resources to target\classes
2025-10-29 19:21:34,236 [Worker-38: Building] INFO  o.a.m.s.f.DefaultMavenResourcesFiltering - skip non existing resourceDirectory D:\OnlineVotingApplication Project SpringBoot\VoteZy\src\test\resources
2025-10-29 19:22:28,358 [Worker-39: Building] INFO  o.a.m.s.f.DefaultMavenResourcesFiltering - Copying 1 resource from src\main\resources to target\classes
2025-10-29 19:22:28,369 [Worker-39: Building] INFO  o.a.m.s.f.DefaultMavenResourcesFiltering - Copying 0 resource from src\main\resources to target\classes
2025-10-29 19:22:28,372 [Worker-39: Building] INFO  o.a.m.s.f.DefaultMavenResourcesFiltering - skip non existing resourceDirectory D:\OnlineVotingApplication Project SpringBoot\VoteZy\src\test\resources
2025-10-29 19:23:30,880 [Worker-33: Building] INFO  o.a.m.s.f.DefaultMavenResourcesFiltering - Copying 1 resource from src\main\resources to target\classes
2025-10-29 19:23:30,890 [Worker-33: Building] INFO  o.a.m.s.f.DefaultMavenResourcesFiltering - Copying 0 resource from src\main\resources to target\classes
2025-10-29 19:23:30,893 [Worker-33: Building] INFO  o.a.m.s.f.DefaultMavenResourcesFiltering - skip non existing resourceDirectory D:\OnlineVotingApplication Project SpringBoot\VoteZy\src\test\resources
2025-10-29 19:23:59,094 [Worker-37: Building] INFO  o.a.m.s.f.DefaultMavenResourcesFiltering - Copying 1 resource from src\main\resources to target\classes
2025-10-29 19:23:59,105 [Worker-37: Building] INFO  o.a.m.s.f.DefaultMavenResourcesFiltering - Copying 0 resource from src\main\resources to target\classes
2025-10-29 19:23:59,108 [Worker-37: Building] INFO  o.a.m.s.f.DefaultMavenResourcesFiltering - skip non existing resourceDirectory D:\OnlineVotingApplication Project SpringBoot\VoteZy\src\test\resources
2025-10-29 19:39:23,948 [Worker-41: Building] INFO  o.a.m.s.f.DefaultMavenResourcesFiltering - Copying 1 resource from src\main\resources to target\classes
2025-10-29 19:39:23,962 [Worker-41: Building] INFO  o.a.m.s.f.DefaultMavenResourcesFiltering - Copying 0 resource from src\main\resources to target\classes
2025-10-29 19:39:23,967 [Worker-41: Building] INFO  o.a.m.s.f.DefaultMavenResourcesFiltering - skip non existing resourceDirectory D:\OnlineVotingApplication Project SpringBoot\VoteZy\src\test\resources
2025-10-29 19:40:36,412 [Worker-41: Building] INFO  o.a.m.s.f.DefaultMavenResourcesFiltering - Copying 1 resource from src\main\resources to target\classes
2025-10-29 19:40:36,425 [Worker-41: Building] INFO  o.a.m.s.f.DefaultMavenResourcesFiltering - Copying 0 resource from src\main\resources to target\classes
2025-10-29 19:40:36,431 [Worker-41: Building] INFO  o.a.m.s.f.DefaultMavenResourcesFiltering - skip non existing resourceDirectory D:\OnlineVotingApplication Project SpringBoot\VoteZy\src\test\resources
2025-10-29 19:41:53,668 [Worker-41: Building] INFO  o.a.m.s.f.DefaultMavenResourcesFiltering - Copying 1 resource from src\main\resources to target\classes
2025-10-29 19:41:53,690 [Worker-41: Building] INFO  o.a.m.s.f.DefaultMavenResourcesFiltering - Copying 0 resource from src\main\resources to target\classes
2025-10-29 19:41:53,698 [Worker-41: Building] INFO  o.a.m.s.f.DefaultMavenResourcesFiltering - skip non existing resourceDirectory D:\OnlineVotingApplication Project SpringBoot\VoteZy\src\test\resources
2025-10-29 20:17:27,259 [Worker-58: Building] INFO  o.a.m.s.f.DefaultMavenResourcesFiltering - Copying 1 resource from src\main\resources to target\classes
2025-10-29 20:17:27,281 [Worker-58: Building] INFO  o.a.m.s.f.DefaultMavenResourcesFiltering - Copying 0 resource from src\main\resources to target\classes
2025-10-29 20:17:27,292 [Worker-58: Building] INFO  o.a.m.s.f.DefaultMavenResourcesFiltering - skip non existing resourceDirectory D:\OnlineVotingApplication Project SpringBoot\VoteZy\src\test\resources
2025-10-29 20:18:42,909 [Worker-60: Building] INFO  o.a.m.s.f.DefaultMavenResourcesFiltering - Copying 1 resource from src\main\resources to target\classes
2025-10-29 20:18:42,925 [Worker-60: Building] INFO  o.a.m.s.f.DefaultMavenResourcesFiltering - Copying 0 resource from src\main\resources to target\classes
2025-10-29 20:18:42,933 [Worker-60: Building] INFO  o.a.m.s.f.DefaultMavenResourcesFiltering - skip non existing resourceDirectory D:\OnlineVotingApplication Project SpringBoot\VoteZy\src\test\resources
2025-10-29 20:23:17,156 [Worker-59: Building] INFO  o.a.m.s.f.DefaultMavenResourcesFiltering - Copying 1 resource from src\main\resources to target\classes
2025-10-29 20:23:17,170 [Worker-59: Building] INFO  o.a.m.s.f.DefaultMavenResourcesFiltering - Copying 0 resource from src\main\resources to target\classes
2025-10-29 20:23:17,174 [Worker-59: Building] INFO  o.a.m.s.f.DefaultMavenResourcesFiltering - skip non existing resourceDirectory D:\OnlineVotingApplication Project SpringBoot\VoteZy\src\test\resources
2025-10-29 20:37:11,197 [Worker-65: Building] INFO  o.a.m.s.f.DefaultMavenResourcesFiltering - Copying 1 resource from src\main\resources to target\classes
2025-10-29 20:37:11,234 [Worker-65: Building] INFO  o.a.m.s.f.DefaultMavenResourcesFiltering - Copying 0 resource from src\main\resources to target\classes
2025-10-29 20:37:11,242 [Worker-65: Building] INFO  o.a.m.s.f.DefaultMavenResourcesFiltering - skip non existing resourceDirectory D:\OnlineVotingApplication Project SpringBoot\VoteZy\src\test\resources
2025-10-29 20:37:27,977 [Worker-65: Building] INFO  o.a.m.s.f.DefaultMavenResourcesFiltering - Copying 1 resource from src\main\resources to target\classes
2025-10-29 20:37:28,012 [Worker-65: Building] INFO  o.a.m.s.f.DefaultMavenResourcesFiltering - Copying 0 resource from src\main\resources to target\classes
2025-10-29 20:37:28,017 [Worker-65: Building] INFO  o.a.m.s.f.DefaultMavenResourcesFiltering - skip non existing resourceDirectory D:\OnlineVotingApplication Project SpringBoot\VoteZy\src\test\resources
2025-10-29 20:38:03,008 [Worker-63: Building] INFO  o.a.m.s.f.DefaultMavenResourcesFiltering - Copying 1 resource from src\main\resources to target\classes
2025-10-29 20:38:03,028 [Worker-63: Building] INFO  o.a.m.s.f.DefaultMavenResourcesFiltering - Copying 0 resource from src\main\resources to target\classes
2025-10-29 20:38:03,035 [Worker-63: Building] INFO  o.a.m.s.f.DefaultMavenResourcesFiltering - skip non existing resourceDirectory D:\OnlineVotingApplication Project SpringBoot\VoteZy\src\test\resources
2025-10-29 20:38:35,935 [Worker-65: Building] INFO  o.a.m.s.f.DefaultMavenResourcesFiltering - Copying 1 resource from src\main\resources to target\classes
2025-10-29 20:38:35,947 [Worker-65: Building] INFO  o.a.m.s.f.DefaultMavenResourcesFiltering - Copying 0 resource from src\main\resources to target\classes
2025-10-29 20:38:35,952 [Worker-65: Building] INFO  o.a.m.s.f.DefaultMavenResourcesFiltering - skip non existing resourceDirectory D:\OnlineVotingApplication Project SpringBoot\VoteZy\src\test\resources
2025-10-29 20:45:12,019 [Worker-56: Building] INFO  o.a.m.s.f.DefaultMavenResourcesFiltering - Copying 1 resource from src\main\resources to target\classes
2025-10-29 20:45:12,031 [Worker-56: Building] INFO  o.a.m.s.f.DefaultMavenResourcesFiltering - Copying 0 resource from src\main\resources to target\classes
2025-10-29 20:45:12,036 [Worker-56: Building] INFO  o.a.m.s.f.DefaultMavenResourcesFiltering - skip non existing resourceDirectory D:\OnlineVotingApplication Project SpringBoot\VoteZy\src\test\resources
2025-10-29 20:57:18,065 [Worker-66: Building] INFO  o.a.m.s.f.DefaultMavenResourcesFiltering - Copying 1 resource from src\main\resources to target\classes
2025-10-29 20:57:18,086 [Worker-66: Building] INFO  o.a.m.s.f.DefaultMavenResourcesFiltering - Copying 0 resource from src\main\resources to target\classes
2025-10-29 20:57:18,089 [Worker-66: Building] INFO  o.a.m.s.f.DefaultMavenResourcesFiltering - skip non existing resourceDirectory D:\OnlineVotingApplication Project SpringBoot\VoteZy\src\test\resources
2025-10-29 20:57:58,549 [Worker-67: Building] INFO  o.a.m.s.f.DefaultMavenResourcesFiltering - Copying 1 resource from src\main\resources to target\classes
2025-10-29 20:57:58,575 [Worker-67: Building] INFO  o.a.m.s.f.DefaultMavenResourcesFiltering - Copying 0 resource from src\main\resources to target\classes
2025-10-29 20:57:58,578 [Worker-67: Building] INFO  o.a.m.s.f.DefaultMavenResourcesFiltering - skip non existing resourceDirectory D:\OnlineVotingApplication Project SpringBoot\VoteZy\src\test\resources
2025-10-29 21:05:53,493 [Worker-65: Building] INFO  o.a.m.s.f.DefaultMavenResourcesFiltering - Copying 1 resource from src\main\resources to target\classes
2025-10-29 21:05:53,512 [Worker-65: Building] INFO  o.a.m.s.f.DefaultMavenResourcesFiltering - Copying 0 resource from src\main\resources to target\classes
2025-10-29 21:05:53,517 [Worker-65: Building] INFO  o.a.m.s.f.DefaultMavenResourcesFiltering - skip non existing resourceDirectory D:\OnlineVotingApplication Project SpringBoot\VoteZy\src\test\resources
2025-10-29 21:14:42,600 [Worker-65: Building] INFO  o.a.m.s.f.DefaultMavenResourcesFiltering - Copying 1 resource from src\main\resources to target\classes
2025-10-29 21:14:42,642 [Worker-65: Building] INFO  o.a.m.s.f.DefaultMavenResourcesFiltering - Copying 0 resource from src\main\resources to target\classes
2025-10-29 21:14:42,644 [Worker-65: Building] INFO  o.a.m.s.f.DefaultMavenResourcesFiltering - skip non existing resourceDirectory D:\OnlineVotingApplication Project SpringBoot\VoteZy\src\test\resources
2025-10-29 21:19:41,990 [Worker-67: Building] INFO  o.a.m.s.f.DefaultMavenResourcesFiltering - Copying 1 resource from src\main\resources to target\classes
2025-10-29 21:19:42,039 [Worker-67: Building] INFO  o.a.m.s.f.DefaultMavenResourcesFiltering - Copying 0 resource from src\main\resources to target\classes
2025-10-29 21:19:42,042 [Worker-67: Building] INFO  o.a.m.s.f.DefaultMavenResourcesFiltering - skip non existing resourceDirectory D:\OnlineVotingApplication Project SpringBoot\VoteZy\src\test\resources
2025-10-29 21:22:46,129 [Worker-56: Building] INFO  o.a.m.s.f.DefaultMavenResourcesFiltering - Copying 1 resource from src\main\resources to target\classes
2025-10-29 21:22:46,202 [Worker-56: Building] INFO  o.a.m.s.f.DefaultMavenResourcesFiltering - Copying 0 resource from src\main\resources to target\classes
2025-10-29 21:22:46,205 [Worker-56: Building] INFO  o.a.m.s.f.DefaultMavenResourcesFiltering - skip non existing resourceDirectory D:\OnlineVotingApplication Project SpringBoot\VoteZy\src\test\resources
2025-10-30 16:49:44,728 [Worker-7: Loading available Gradle versions] INFO  o.e.b.c.i.u.g.PublishedGradleVersions - Gradle version information cache is out-of-date. Trying to update.
2025-10-30 16:56:05,966 [Worker-8: Building] INFO  o.a.m.s.f.DefaultMavenResourcesFiltering - Copying 1 resource from src\main\resources to target\classes
2025-10-30 16:56:05,999 [Worker-8: Building] INFO  o.a.m.s.f.DefaultMavenResourcesFiltering - Copying 0 resource from src\main\resources to target\classes
2025-10-30 16:56:06,005 [Worker-8: Building] INFO  o.a.m.s.f.DefaultMavenResourcesFiltering - skip non existing resourceDirectory D:\OnlineVotingApplication Project SpringBoot\VoteZy\src\test\resources
2025-10-30 17:35:36,766 [Worker-1: Loading available Gradle versions] INFO  o.e.b.c.i.u.g.PublishedGradleVersions - Gradle version information cache is up-to-date. Trying to read.
2025-10-30 20:01:39,416 [Worker-32: Building] INFO  o.a.m.s.f.DefaultMavenResourcesFiltering - Copying 1 resource from src\main\resources to target\classes
2025-10-30 20:01:39,512 [Worker-32: Building] INFO  o.a.m.s.f.DefaultMavenResourcesFiltering - Copying 0 resource from src\main\resources to target\classes
2025-10-30 20:01:39,536 [Worker-32: Building] INFO  o.a.m.s.f.DefaultMavenResourcesFiltering - skip non existing resourceDirectory D:\OnlineVotingApplication Project SpringBoot\VoteZy\src\test\resources
2025-10-30 20:09:21,624 [Worker-34: Building] INFO  o.a.m.s.f.DefaultMavenResourcesFiltering - Copying 1 resource from src\main\resources to target\classes
2025-10-30 20:09:21,638 [Worker-34: Building] INFO  o.a.m.s.f.DefaultMavenResourcesFiltering - Copying 0 resource from src\main\resources to target\classes
2025-10-30 20:09:21,642 [Worker-34: Building] INFO  o.a.m.s.f.DefaultMavenResourcesFiltering - skip non existing resourceDirectory D:\OnlineVotingApplication Project SpringBoot\VoteZy\src\test\resources
2025-10-30 20:17:54,321 [Worker-39: Building] INFO  o.a.m.s.f.DefaultMavenResourcesFiltering - Copying 1 resource from src\main\resources to target\classes
2025-10-30 20:17:54,346 [Worker-39: Building] INFO  o.a.m.s.f.DefaultMavenResourcesFiltering - Copying 0 resource from src\main\resources to target\classes
2025-10-30 20:17:54,358 [Worker-39: Building] INFO  o.a.m.s.f.DefaultMavenResourcesFiltering - skip non existing resourceDirectory D:\OnlineVotingApplication Project SpringBoot\VoteZy\src\test\resources
2025-10-30 20:29:24,614 [Worker-34: Building] INFO  o.a.m.s.f.DefaultMavenResourcesFiltering - Copying 1 resource from src\main\resources to target\classes
2025-10-30 20:29:24,632 [Worker-34: Building] INFO  o.a.m.s.f.DefaultMavenResourcesFiltering - Copying 0 resource from src\main\resources to target\classes
2025-10-30 20:29:24,639 [Worker-34: Building] INFO  o.a.m.s.f.DefaultMavenResourcesFiltering - skip non existing resourceDirectory D:\OnlineVotingApplication Project SpringBoot\VoteZy\src\test\resources
2025-10-30 20:43:11,861 [Worker-45: Building] INFO  o.a.m.s.f.DefaultMavenResourcesFiltering - Copying 1 resource from src\main\resources to target\classes
2025-10-30 20:43:11,876 [Worker-45: Building] INFO  o.a.m.s.f.DefaultMavenResourcesFiltering - Copying 0 resource from src\main\resources to target\classes
2025-10-30 20:43:11,882 [Worker-45: Building] INFO  o.a.m.s.f.DefaultMavenResourcesFiltering - skip non existing resourceDirectory D:\OnlineVotingApplication Project SpringBoot\VoteZy\src\test\resources
2025-10-30 20:49:56,711 [Worker-48: Building] INFO  o.a.m.s.f.DefaultMavenResourcesFiltering - Copying 1 resource from src\main\resources to target\classes
2025-10-30 20:49:56,798 [Worker-48: Building] INFO  o.a.m.s.f.DefaultMavenResourcesFiltering - Copying 0 resource from src\main\resources to target\classes
2025-10-30 20:49:56,802 [Worker-48: Building] INFO  o.a.m.s.f.DefaultMavenResourcesFiltering - skip non existing resourceDirectory D:\OnlineVotingApplication Project SpringBoot\VoteZy\src\test\resources
2025-10-30 23:34:39,038 [Worker-4: Loading available Gradle versions] INFO  o.e.b.c.i.u.g.PublishedGradleVersions - Gradle version information cache is up-to-date. Trying to read.
2025-10-30 23:35:04,137 [Worker-0: Building] INFO  o.a.m.s.f.DefaultMavenResourcesFiltering - Copying 1 resource from src\main\resources to target\classes
2025-10-30 23:35:04,209 [Worker-0: Building] INFO  o.a.m.s.f.DefaultMavenResourcesFiltering - Copying 0 resource from src\main\resources to target\classes
2025-10-30 23:35:04,220 [Worker-0: Building] INFO  o.a.m.s.f.DefaultMavenResourcesFiltering - skip non existing resourceDirectory D:\OnlineVotingApplication Project SpringBoot\VoteZy\src\test\resources
2025-10-30 23:37:25,657 [Worker-13: Building] INFO  o.a.m.s.f.DefaultMavenResourcesFiltering - Copying 1 resource from src\main\resources to target\classes
2025-10-30 23:37:25,669 [Worker-13: Building] INFO  o.a.m.s.f.DefaultMavenResourcesFiltering - Copying 0 resource from src\main\resources to target\classes
2025-10-30 23:37:25,675 [Worker-13: Building] INFO  o.a.m.s.f.DefaultMavenResourcesFiltering - skip non existing resourceDirectory D:\OnlineVotingApplication Project SpringBoot\VoteZy\src\test\resources
2025-10-30 23:39:42,489 [Worker-7: Building] INFO  o.a.m.s.f.DefaultMavenResourcesFiltering - Copying 1 resource from src\main\resources to target\classes
2025-10-30 23:39:42,499 [Worker-7: Building] INFO  o.a.m.s.f.DefaultMavenResourcesFiltering - Copying 0 resource from src\main\resources to target\classes
2025-10-30 23:39:42,502 [Worker-7: Building] INFO  o.a.m.s.f.DefaultMavenResourcesFiltering - skip non existing resourceDirectory D:\OnlineVotingApplication Project SpringBoot\VoteZy\src\test\resources
2025-10-30 23:42:30,458 [Worker-4: Loading available Gradle versions] INFO  o.e.b.c.i.u.g.PublishedGradleVersions - Gradle version information cache is up-to-date. Trying to read.
2025-10-30 23:43:46,491 [Worker-1: Building] INFO  o.a.m.s.f.DefaultMavenResourcesFiltering - Copying 1 resource from src\main\resources to target\classes
2025-10-30 23:43:46,537 [Worker-1: Building] INFO  o.a.m.s.f.DefaultMavenResourcesFiltering - Copying 0 resource from src\main\resources to target\classes
2025-10-30 23:43:46,546 [Worker-1: Building] INFO  o.a.m.s.f.DefaultMavenResourcesFiltering - skip non existing resourceDirectory D:\OnlineVotingApplication Project SpringBoot\VoteZy\src\test\resources
2025-10-30 23:44:15,334 [Worker-16: Building] INFO  o.a.m.s.f.DefaultMavenResourcesFiltering - Copying 1 resource from src\main\resources to target\classes
2025-10-30 23:44:15,344 [Worker-16: Building] INFO  o.a.m.s.f.DefaultMavenResourcesFiltering - Copying 0 resource from src\main\resources to target\classes
2025-10-30 23:44:15,347 [Worker-16: Building] INFO  o.a.m.s.f.DefaultMavenResourcesFiltering - skip non existing resourceDirectory D:\OnlineVotingApplication Project SpringBoot\VoteZy\src\test\resources
2025-10-30 23:46:39,349 [Worker-4: Building] INFO  o.a.m.s.f.DefaultMavenResourcesFiltering - Copying 1 resource from src\main\resources to target\classes
2025-10-30 23:46:39,357 [Worker-4: Building] INFO  o.a.m.s.f.DefaultMavenResourcesFiltering - Copying 0 resource from src\main\resources to target\classes
2025-10-30 23:46:39,362 [Worker-4: Building] INFO  o.a.m.s.f.DefaultMavenResourcesFiltering - skip non existing resourceDirectory D:\OnlineVotingApplication Project SpringBoot\VoteZy\src\test\resources
2025-10-30 23:50:50,895 [Worker-2: Building] INFO  o.a.m.s.f.DefaultMavenResourcesFiltering - Copying 1 resource from src\main\resources to target\classes
2025-10-30 23:50:50,909 [Worker-2: Building] INFO  o.a.m.s.f.DefaultMavenResourcesFiltering - Copying 0 resource from src\main\resources to target\classes
2025-10-30 23:50:50,913 [Worker-2: Building] INFO  o.a.m.s.f.DefaultMavenResourcesFiltering - skip non existing resourceDirectory D:\OnlineVotingApplication Project SpringBoot\VoteZy\src\test\resources
2025-10-30 23:52:09,121 [Worker-4: Building] INFO  o.a.m.s.f.DefaultMavenResourcesFiltering - Copying 1 resource from src\main\resources to target\classes
2025-10-30 23:52:09,128 [Worker-4: Building] INFO  o.a.m.s.f.DefaultMavenResourcesFiltering - Copying 0 resource from src\main\resources to target\classes
2025-10-30 23:52:09,131 [Worker-4: Building] INFO  o.a.m.s.f.DefaultMavenResourcesFiltering - skip non existing resourceDirectory D:\OnlineVotingApplication Project SpringBoot\VoteZy\src\test\resources
2025-10-30 23:56:29,339 [Worker-6: Building] INFO  o.a.m.s.f.DefaultMavenResourcesFiltering - Copying 1 resource from src\main\resources to target\classes
2025-10-30 23:56:29,352 [Worker-6: Building] INFO  o.a.m.s.f.DefaultMavenResourcesFiltering - Copying 0 resource from src\main\resources to target\classes
2025-10-30 23:56:29,357 [Worker-6: Building] INFO  o.a.m.s.f.DefaultMavenResourcesFiltering - skip non existing resourceDirectory D:\OnlineVotingApplication Project SpringBoot\VoteZy\src\test\resources
2025-10-31 00:02:27,947 [Worker-6: Building] INFO  o.a.m.s.f.DefaultMavenResourcesFiltering - Copying 1 resource from src\main\resources to target\classes
2025-10-31 00:02:27,958 [Worker-6: Building] INFO  o.a.m.s.f.DefaultMavenResourcesFiltering - Copying 0 resource from src\main\resources to target\classes
2025-10-31 00:02:27,961 [Worker-6: Building] INFO  o.a.m.s.f.DefaultMavenResourcesFiltering - skip non existing resourceDirectory D:\OnlineVotingApplication Project SpringBoot\VoteZy\src\test\resources
2025-10-31 00:11:34,063 [Worker-19: Building] INFO  o.a.m.s.f.DefaultMavenResourcesFiltering - Copying 1 resource from src\main\resources to target\classes
2025-10-31 00:11:34,088 [Worker-19: Building] INFO  o.a.m.s.f.DefaultMavenResourcesFiltering - Copying 0 resource from src\main\resources to target\classes
2025-10-31 00:11:34,095 [Worker-19: Building] INFO  o.a.m.s.f.DefaultMavenResourcesFiltering - skip non existing resourceDirectory D:\OnlineVotingApplication Project SpringBoot\VoteZy\src\test\resources
2025-10-31 00:12:24,116 [Worker-18: Building] INFO  o.a.m.s.f.DefaultMavenResourcesFiltering - Copying 1 resource from src\main\resources to target\classes
2025-10-31 00:12:24,137 [Worker-18: Building] INFO  o.a.m.s.f.DefaultMavenResourcesFiltering - Copying 0 resource from src\main\resources to target\classes
2025-10-31 00:12:24,144 [Worker-18: Building] INFO  o.a.m.s.f.DefaultMavenResourcesFiltering - skip non existing resourceDirectory D:\OnlineVotingApplication Project SpringBoot\VoteZy\src\test\resources
2025-10-31 00:41:56,909 [Worker-18: Building] INFO  o.a.m.s.f.DefaultMavenResourcesFiltering - Copying 1 resource from src\main\resources to target\classes
2025-10-31 00:41:56,925 [Worker-18: Building] INFO  o.a.m.s.f.DefaultMavenResourcesFiltering - Copying 0 resource from src\main\resources to target\classes
2025-10-31 00:41:56,928 [Worker-18: Building] INFO  o.a.m.s.f.DefaultMavenResourcesFiltering - skip non existing resourceDirectory D:\OnlineVotingApplication Project SpringBoot\VoteZy\src\test\resources
2025-10-31 00:43:07,646 [Worker-20: Building] INFO  o.a.m.s.f.DefaultMavenResourcesFiltering - Copying 1 resource from src\main\resources to target\classes
2025-10-31 00:43:07,656 [Worker-20: Building] INFO  o.a.m.s.f.DefaultMavenResourcesFiltering - Copying 0 resource from src\main\resources to target\classes
2025-10-31 00:43:07,658 [Worker-20: Building] INFO  o.a.m.s.f.DefaultMavenResourcesFiltering - skip non existing resourceDirectory D:\OnlineVotingApplication Project SpringBoot\VoteZy\src\test\resources
2025-10-31 00:58:02,116 [Worker-18: Building] INFO  o.a.m.s.f.DefaultMavenResourcesFiltering - Copying 1 resource from src\main\resources to target\classes
2025-10-31 00:58:02,235 [Worker-18: Building] INFO  o.a.m.s.f.DefaultMavenResourcesFiltering - Copying 0 resource from src\main\resources to target\classes
2025-10-31 00:58:02,241 [Worker-18: Building] INFO  o.a.m.s.f.DefaultMavenResourcesFiltering - skip non existing resourceDirectory D:\OnlineVotingApplication Project SpringBoot\VoteZy\src\test\resources
2025-10-31 01:00:23,233 [Worker-29: Building] INFO  o.a.m.s.f.DefaultMavenResourcesFiltering - Copying 1 resource from src\main\resources to target\classes
2025-10-31 01:00:23,246 [Worker-29: Building] INFO  o.a.m.s.f.DefaultMavenResourcesFiltering - Copying 0 resource from src\main\resources to target\classes
2025-10-31 01:00:23,250 [Worker-29: Building] INFO  o.a.m.s.f.DefaultMavenResourcesFiltering - skip non existing resourceDirectory D:\OnlineVotingApplication Project SpringBoot\VoteZy\src\test\resources
2025-10-31 01:08:46,946 [Worker-34: Building] INFO  o.a.m.s.f.DefaultMavenResourcesFiltering - Copying 1 resource from src\main\resources to target\classes
2025-10-31 01:08:46,988 [Worker-34: Building] INFO  o.a.m.s.f.DefaultMavenResourcesFiltering - Copying 0 resource from src\main\resources to target\classes
2025-10-31 01:08:46,990 [Worker-34: Building] INFO  o.a.m.s.f.DefaultMavenResourcesFiltering - skip non existing resourceDirectory D:\OnlineVotingApplication Project SpringBoot\VoteZy\src\test\resources
2025-10-31 01:30:35,591 [Worker-36: Building] INFO  o.a.m.s.f.DefaultMavenResourcesFiltering - Copying 1 resource from src\main\resources to target\classes
2025-10-31 01:30:35,606 [Worker-36: Building] INFO  o.a.m.s.f.DefaultMavenResourcesFiltering - Copying 0 resource from src\main\resources to target\classes
2025-10-31 01:30:35,610 [Worker-36: Building] INFO  o.a.m.s.f.DefaultMavenResourcesFiltering - skip non existing resourceDirectory D:\OnlineVotingApplication Project SpringBoot\VoteZy\src\test\resources
2025-10-31 09:46:53,905 [Worker-1: Loading available Gradle versions] INFO  o.e.b.c.i.u.g.PublishedGradleVersions - Gradle version information cache is up-to-date. Trying to read.
2025-10-31 10:14:37,786 [Worker-23: Building] INFO  o.a.m.s.f.DefaultMavenResourcesFiltering - Copying 1 resource from src\main\resources to target\classes
2025-10-31 10:14:37,842 [Worker-23: Building] INFO  o.a.m.s.f.DefaultMavenResourcesFiltering - Copying 0 resource from src\main\resources to target\classes
2025-10-31 10:14:37,850 [Worker-23: Building] INFO  o.a.m.s.f.DefaultMavenResourcesFiltering - skip non existing resourceDirectory D:\OnlineVotingApplication Project SpringBoot\BackEnd\VoteZy\src\test\resources
2025-10-31 10:14:45,808 [Worker-21: Building] INFO  o.a.m.s.f.DefaultMavenResourcesFiltering - Copying 1 resource from src\main\resources to target\classes
2025-10-31 10:14:45,822 [Worker-21: Building] INFO  o.a.m.s.f.DefaultMavenResourcesFiltering - Copying 0 resource from src\main\resources to target\classes
2025-10-31 10:14:45,828 [Worker-21: Building] INFO  o.a.m.s.f.DefaultMavenResourcesFiltering - skip non existing resourceDirectory D:\OnlineVotingApplication Project SpringBoot\BackEnd\VoteZy\src\test\resources
2025-10-31 10:16:44,663 [Worker-24: Building] INFO  o.a.m.s.f.DefaultMavenResourcesFiltering - Copying 1 resource from src\main\resources to target\classes
2025-10-31 10:16:44,671 [Worker-24: Building] INFO  o.a.m.s.f.DefaultMavenResourcesFiltering - Copying 0 resource from src\main\resources to target\classes
2025-10-31 10:16:44,674 [Worker-24: Building] INFO  o.a.m.s.f.DefaultMavenResourcesFiltering - skip non existing resourceDirectory D:\OnlineVotingApplication Project SpringBoot\BackEnd\VoteZy\src\test\resources
2025-10-31 10:24:26,954 [Worker-20: Building] INFO  o.a.m.s.f.DefaultMavenResourcesFiltering - Copying 1 resource from src\main\resources to target\classes
2025-10-31 10:24:26,965 [Worker-20: Building] INFO  o.a.m.s.f.DefaultMavenResourcesFiltering - Copying 0 resource from src\main\resources to target\classes
2025-10-31 10:24:26,971 [Worker-20: Building] INFO  o.a.m.s.f.DefaultMavenResourcesFiltering - skip non existing resourceDirectory D:\OnlineVotingApplication Project SpringBoot\BackEnd\VoteZy\src\test\resources
2025-10-31 10:46:15,892 [Worker-27: Building] INFO  o.a.m.s.f.DefaultMavenResourcesFiltering - Copying 1 resource from src\main\resources to target\classes
2025-10-31 10:46:15,997 [Worker-27: Building] INFO  o.a.m.s.f.DefaultMavenResourcesFiltering - Copying 0 resource from src\main\resources to target\classes
2025-10-31 10:46:16,002 [Worker-27: Building] INFO  o.a.m.s.f.DefaultMavenResourcesFiltering - skip non existing resourceDirectory D:\OnlineVotingApplication Project SpringBoot\BackEnd\VoteZy\src\test\resources
2025-10-31 10:52:31,608 [Worker-35: Building] INFO  o.a.m.s.f.DefaultMavenResourcesFiltering - Copying 1 resource from src\main\resources to target\classes
2025-10-31 10:52:31,644 [Worker-35: Building] INFO  o.a.m.s.f.DefaultMavenResourcesFiltering - Copying 0 resource from src\main\resources to target\classes
2025-10-31 10:52:31,650 [Worker-35: Building] INFO  o.a.m.s.f.DefaultMavenResourcesFiltering - skip non existing resourceDirectory D:\OnlineVotingApplication Project SpringBoot\BackEnd\VoteZy\src\test\resources
2025-10-31 11:05:07,202 [Worker-36: Building] INFO  o.a.m.s.f.DefaultMavenResourcesFiltering - Copying 1 resource from src\main\resources to target\classes
2025-10-31 11:05:07,220 [Worker-36: Building] INFO  o.a.m.s.f.DefaultMavenResourcesFiltering - Copying 0 resource from src\main\resources to target\classes
2025-10-31 11:05:07,227 [Worker-36: Building] INFO  o.a.m.s.f.DefaultMavenResourcesFiltering - skip non existing resourceDirectory D:\OnlineVotingApplication Project SpringBoot\BackEnd\VoteZy\src\test\resources
2025-10-31 11:10:50,084 [Worker-41: Building] INFO  o.a.m.s.f.DefaultMavenResourcesFiltering - Copying 1 resource from src\main\resources to target\classes
2025-10-31 11:10:50,097 [Worker-41: Building] INFO  o.a.m.s.f.DefaultMavenResourcesFiltering - Copying 0 resource from src\main\resources to target\classes
2025-10-31 11:10:50,099 [Worker-41: Building] INFO  o.a.m.s.f.DefaultMavenResourcesFiltering - skip non existing resourceDirectory D:\OnlineVotingApplication Project SpringBoot\BackEnd\VoteZy\src\test\resources
2025-10-31 11:11:11,906 [Worker-43: Building] INFO  o.a.m.s.f.DefaultMavenResourcesFiltering - Copying 1 resource from src\main\resources to target\classes
2025-10-31 11:11:11,915 [Worker-43: Building] INFO  o.a.m.s.f.DefaultMavenResourcesFiltering - Copying 0 resource from src\main\resources to target\classes
2025-10-31 11:11:11,919 [Worker-43: Building] INFO  o.a.m.s.f.DefaultMavenResourcesFiltering - skip non existing resourceDirectory D:\OnlineVotingApplication Project SpringBoot\BackEnd\VoteZy\src\test\resources
2025-10-31 11:12:18,312 [Worker-45: Building] INFO  o.a.m.s.f.DefaultMavenResourcesFiltering - Copying 1 resource from src\main\resources to target\classes
2025-10-31 11:12:18,319 [Worker-45: Building] INFO  o.a.m.s.f.DefaultMavenResourcesFiltering - Copying 0 resource from src\main\resources to target\classes
2025-10-31 11:12:18,324 [Worker-45: Building] INFO  o.a.m.s.f.DefaultMavenResourcesFiltering - skip non existing resourceDirectory D:\OnlineVotingApplication Project SpringBoot\BackEnd\VoteZy\src\test\resources
2025-10-31 11:14:26,215 [Worker-41: Building] INFO  o.a.m.s.f.DefaultMavenResourcesFiltering - Copying 1 resource from src\main\resources to target\classes
2025-10-31 11:14:26,225 [Worker-41: Building] INFO  o.a.m.s.f.DefaultMavenResourcesFiltering - Copying 0 resource from src\main\resources to target\classes
2025-10-31 11:14:26,229 [Worker-41: Building] INFO  o.a.m.s.f.DefaultMavenResourcesFiltering - skip non existing resourceDirectory D:\OnlineVotingApplication Project SpringBoot\BackEnd\VoteZy\src\test\resources
2025-10-31 11:18:06,603 [Worker-44: Building] INFO  o.a.m.s.f.DefaultMavenResourcesFiltering - Copying 1 resource from src\main\resources to target\classes
2025-10-31 11:18:06,611 [Worker-44: Building] INFO  o.a.m.s.f.DefaultMavenResourcesFiltering - Copying 0 resource from src\main\resources to target\classes
2025-10-31 11:18:06,615 [Worker-44: Building] INFO  o.a.m.s.f.DefaultMavenResourcesFiltering - skip non existing resourceDirectory D:\OnlineVotingApplication Project SpringBoot\BackEnd\VoteZy\src\test\resources
2025-10-31 11:18:12,323 [Worker-47: Building] INFO  o.a.m.s.f.DefaultMavenResourcesFiltering - Copying 1 resource from src\main\resources to target\classes
2025-10-31 11:18:12,333 [Worker-47: Building] INFO  o.a.m.s.f.DefaultMavenResourcesFiltering - Copying 0 resource from src\main\resources to target\classes
2025-10-31 11:18:12,335 [Worker-47: Building] INFO  o.a.m.s.f.DefaultMavenResourcesFiltering - skip non existing resourceDirectory D:\OnlineVotingApplication Project SpringBoot\BackEnd\VoteZy\src\test\resources
2025-10-31 11:18:19,921 [Worker-48: Building] INFO  o.a.m.s.f.DefaultMavenResourcesFiltering - Copying 1 resource from src\main\resources to target\classes
2025-10-31 11:18:19,927 [Worker-48: Building] INFO  o.a.m.s.f.DefaultMavenResourcesFiltering - Copying 0 resource from src\main\resources to target\classes
2025-10-31 11:18:19,931 [Worker-48: Building] INFO  o.a.m.s.f.DefaultMavenResourcesFiltering - skip non existing resourceDirectory D:\OnlineVotingApplication Project SpringBoot\BackEnd\VoteZy\src\test\resources
2025-10-31 11:42:53,774 [Worker-57: Building] INFO  o.a.m.s.f.DefaultMavenResourcesFiltering - Copying 1 resource from src\main\resources to target\classes
2025-10-31 11:42:53,828 [Worker-57: Building] INFO  o.a.m.s.f.DefaultMavenResourcesFiltering - Copying 0 resource from src\main\resources to target\classes
2025-10-31 11:42:53,836 [Worker-57: Building] INFO  o.a.m.s.f.DefaultMavenResourcesFiltering - skip non existing resourceDirectory D:\OnlineVotingApplication Project SpringBoot\BackEnd\VoteZy\src\test\resources
2025-10-31 11:45:18,574 [Worker-55: Building] INFO  o.a.m.s.f.DefaultMavenResourcesFiltering - Copying 1 resource from src\main\resources to target\classes
2025-10-31 11:45:18,629 [Worker-55: Building] INFO  o.a.m.s.f.DefaultMavenResourcesFiltering - Copying 0 resource from src\main\resources to target\classes
2025-10-31 11:45:18,634 [Worker-55: Building] INFO  o.a.m.s.f.DefaultMavenResourcesFiltering - skip non existing resourceDirectory D:\OnlineVotingApplication Project SpringBoot\BackEnd\VoteZy\src\test\resources
2025-10-31 11:46:53,715 [Worker-59: Building] INFO  o.a.m.s.f.DefaultMavenResourcesFiltering - Copying 1 resource from src\main\resources to target\classes
2025-10-31 11:46:53,757 [Worker-59: Building] INFO  o.a.m.s.f.DefaultMavenResourcesFiltering - Copying 0 resource from src\main\resources to target\classes
2025-10-31 11:46:53,763 [Worker-59: Building] INFO  o.a.m.s.f.DefaultMavenResourcesFiltering - skip non existing resourceDirectory D:\OnlineVotingApplication Project SpringBoot\BackEnd\VoteZy\src\test\resources
2025-10-31 11:47:19,481 [Worker-52: Building] INFO  o.a.m.s.f.DefaultMavenResourcesFiltering - Copying 1 resource from src\main\resources to target\classes
2025-10-31 11:47:19,536 [Worker-52: Building] INFO  o.a.m.s.f.DefaultMavenResourcesFiltering - Copying 0 resource from src\main\resources to target\classes
2025-10-31 11:47:19,538 [Worker-52: Building] INFO  o.a.m.s.f.DefaultMavenResourcesFiltering - skip non existing resourceDirectory D:\OnlineVotingApplication Project SpringBoot\BackEnd\VoteZy\src\test\resources
2025-10-31 12:06:41,600 [Worker-71: Building] INFO  o.a.m.s.f.DefaultMavenResourcesFiltering - Copying 1 resource from src\main\resources to target\classes
2025-10-31 12:06:41,634 [Worker-71: Building] INFO  o.a.m.s.f.DefaultMavenResourcesFiltering - Copying 0 resource from src\main\resources to target\classes
2025-10-31 12:06:41,637 [Worker-71: Building] INFO  o.a.m.s.f.DefaultMavenResourcesFiltering - skip non existing resourceDirectory D:\OnlineVotingApplication Project SpringBoot\BackEnd\VoteZy\src\test\resources
2025-10-31 12:06:57,721 [Worker-71: Building] INFO  o.a.m.s.f.DefaultMavenResourcesFiltering - Copying 1 resource from src\main\resources to target\classes
2025-10-31 12:06:57,754 [Worker-71: Building] INFO  o.a.m.s.f.DefaultMavenResourcesFiltering - Copying 0 resource from src\main\resources to target\classes
2025-10-31 12:06:57,756 [Worker-71: Building] INFO  o.a.m.s.f.DefaultMavenResourcesFiltering - skip non existing resourceDirectory D:\OnlineVotingApplication Project SpringBoot\BackEnd\VoteZy\src\test\resources
2025-10-31 12:07:30,856 [Worker-73: Building] INFO  o.a.m.s.f.DefaultMavenResourcesFiltering - Copying 1 resource from src\main\resources to target\classes
2025-10-31 12:07:30,869 [Worker-73: Building] INFO  o.a.m.s.f.DefaultMavenResourcesFiltering - Copying 0 resource from src\main\resources to target\classes
2025-10-31 12:07:30,897 [Worker-73: Building] INFO  o.a.m.s.f.DefaultMavenResourcesFiltering - skip non existing resourceDirectory D:\OnlineVotingApplication Project SpringBoot\BackEnd\VoteZy\src\test\resources
2025-10-31 12:09:37,778 [Worker-71: Building] INFO  o.a.m.s.f.DefaultMavenResourcesFiltering - Copying 1 resource from src\main\resources to target\classes
2025-10-31 12:09:37,785 [Worker-71: Building] INFO  o.a.m.s.f.DefaultMavenResourcesFiltering - Copying 0 resource from src\main\resources to target\classes
2025-10-31 12:09:37,787 [Worker-71: Building] INFO  o.a.m.s.f.DefaultMavenResourcesFiltering - skip non existing resourceDirectory D:\OnlineVotingApplication Project SpringBoot\BackEnd\VoteZy\src\test\resources
2025-10-31 12:11:59,483 [Worker-76: Building] INFO  o.a.m.s.f.DefaultMavenResourcesFiltering - Copying 1 resource from src\main\resources to target\classes
2025-10-31 12:11:59,510 [Worker-76: Building] INFO  o.a.m.s.f.DefaultMavenResourcesFiltering - Copying 0 resource from src\main\resources to target\classes
2025-10-31 12:11:59,515 [Worker-76: Building] INFO  o.a.m.s.f.DefaultMavenResourcesFiltering - skip non existing resourceDirectory D:\OnlineVotingApplication Project SpringBoot\BackEnd\VoteZy\src\test\resources
2025-10-31 12:16:28,581 [Worker-77: Building] INFO  o.a.m.s.f.DefaultMavenResourcesFiltering - Copying 1 resource from src\main\resources to target\classes
2025-10-31 12:16:28,599 [Worker-77: Building] INFO  o.a.m.s.f.DefaultMavenResourcesFiltering - Copying 0 resource from src\main\resources to target\classes
2025-10-31 12:16:28,604 [Worker-77: Building] INFO  o.a.m.s.f.DefaultMavenResourcesFiltering - skip non existing resourceDirectory D:\OnlineVotingApplication Project SpringBoot\BackEnd\VoteZy\src\test\resources
2025-10-31 12:39:19,666 [Worker-82: Building] INFO  o.a.m.s.f.DefaultMavenResourcesFiltering - Copying 1 resource from src\main\resources to target\classes
2025-10-31 12:39:19,774 [Worker-82: Building] INFO  o.a.m.s.f.DefaultMavenResourcesFiltering - Copying 0 resource from src\main\resources to target\classes
2025-10-31 12:39:19,781 [Worker-82: Building] INFO  o.a.m.s.f.DefaultMavenResourcesFiltering - skip non existing resourceDirectory D:\OnlineVotingApplication Project SpringBoot\BackEnd\VoteZy\src\test\resources
2025-10-31 13:09:20,618 [Worker-90: Building] INFO  o.a.m.s.f.DefaultMavenResourcesFiltering - Copying 1 resource from src\main\resources to target\classes
2025-10-31 13:09:20,694 [Worker-90: Building] INFO  o.a.m.s.f.DefaultMavenResourcesFiltering - Copying 0 resource from src\main\resources to target\classes
2025-10-31 13:09:20,700 [Worker-90: Building] INFO  o.a.m.s.f.DefaultMavenResourcesFiltering - skip non existing resourceDirectory D:\OnlineVotingApplication Project SpringBoot\BackEnd\VoteZy\src\test\resources
2025-10-31 13:36:49,275 [Worker-92: Building] INFO  o.a.m.s.f.DefaultMavenResourcesFiltering - Copying 1 resource from src\main\resources to target\classes
2025-10-31 13:36:49,352 [Worker-92: Building] INFO  o.a.m.s.f.DefaultMavenResourcesFiltering - Copying 0 resource from src\main\resources to target\classes
2025-10-31 13:36:49,360 [Worker-92: Building] INFO  o.a.m.s.f.DefaultMavenResourcesFiltering - skip non existing resourceDirectory D:\OnlineVotingApplication Project SpringBoot\BackEnd\VoteZy\src\test\resources
2025-11-01 10:00:54,667 [Worker-6: Loading available Gradle versions] INFO  o.e.b.c.i.u.g.PublishedGradleVersions - Gradle version information cache is out-of-date. Trying to update.
2025-11-01 10:00:55,629 [Worker-6: Loading available Gradle versions] INFO  o.e.b.c.i.u.g.PublishedGradleVersions - Updating Gradle version information cache failed. Using outdated cache.
2025-11-01 10:01:38,205 [Worker-3: Launching VoteZy - VoteZyApplication] INFO  o.a.m.s.f.DefaultMavenResourcesFiltering - Copying 1 resource from src\main\resources to target\classes
2025-11-01 10:01:38,233 [Worker-3: Launching VoteZy - VoteZyApplication] INFO  o.a.m.s.f.DefaultMavenResourcesFiltering - Copying 0 resource from src\main\resources to target\classes
2025-11-01 10:01:38,238 [Worker-3: Launching VoteZy - VoteZyApplication] INFO  o.a.m.s.f.DefaultMavenResourcesFiltering - skip non existing resourceDirectory D:\OnlineVotingApplication Project SpringBoot\BackEnd\VoteZy\src\test\resources
2025-11-01 11:31:18,873 [Worker-4: Loading available Gradle versions] INFO  o.e.b.c.i.u.g.PublishedGradleVersions - Gradle version information cache is out-of-date. Trying to update.
2025-11-01 11:43:14,779 [Worker-4: Loading available Gradle versions] INFO  o.e.b.c.i.u.g.PublishedGradleVersions - Gradle version information cache is up-to-date. Trying to read.
2025-11-01 11:44:00,789 [Worker-10: Building] INFO  o.a.m.s.f.DefaultMavenResourcesFiltering - Copying 1 resource from src\main\resources to target\classes
2025-11-01 11:44:00,820 [Worker-10: Building] INFO  o.a.m.s.f.DefaultMavenResourcesFiltering - Copying 0 resource from src\main\resources to target\classes
2025-11-01 11:44:00,828 [Worker-10: Building] INFO  o.a.m.s.f.DefaultMavenResourcesFiltering - skip non existing resourceDirectory D:\OnlineVotingApplication Project SpringBoot\BackEnd\VoteZy\src\test\resources
2025-11-03 10:57:48,645 [Worker-2: Loading available Gradle versions] INFO  o.e.b.c.i.u.g.PublishedGradleVersions - Gradle version information cache is out-of-date. Trying to update.
2025-11-03 10:57:48,962 [Worker-2: Loading available Gradle versions] INFO  o.e.b.c.i.u.g.PublishedGradleVersions - Updating Gradle version information cache failed. Using outdated cache.
2025-11-03 11:19:40,254 [Worker-2: Loading available Gradle versions] INFO  o.e.b.c.i.u.g.PublishedGradleVersions - Gradle version information cache is out-of-date. Trying to update.
2025-11-03 11:39:15,676 [Worker-20: Building] INFO  o.a.m.s.f.DefaultMavenResourcesFiltering - Copying 1 resource from src\main\resources to target\classes
2025-11-03 11:39:15,714 [Worker-20: Building] INFO  o.a.m.s.f.DefaultMavenResourcesFiltering - Copying 0 resource from src\main\resources to target\classes
2025-11-03 11:39:15,722 [Worker-20: Building] INFO  o.a.m.s.f.DefaultMavenResourcesFiltering - skip non existing resourceDirectory D:\OnlineVotingApplication Project SpringBoot\BackEnd\VoteZy\src\test\resources
2025-11-03 11:41:34,177 [Worker-21: Building] INFO  o.a.m.s.f.DefaultMavenResourcesFiltering - Copying 1 resource from src\main\resources to target\classes
2025-11-03 11:41:34,194 [Worker-21: Building] INFO  o.a.m.s.f.DefaultMavenResourcesFiltering - Copying 0 resource from src\main\resources to target\classes
2025-11-03 11:41:34,201 [Worker-21: Building] INFO  o.a.m.s.f.DefaultMavenResourcesFiltering - skip non existing resourceDirectory D:\OnlineVotingApplication Project SpringBoot\BackEnd\VoteZy\src\test\resources
2025-11-03 11:42:33,011 [Worker-16: Building] INFO  o.a.m.s.f.DefaultMavenResourcesFiltering - Copying 1 resource from src\main\resources to target\classes
2025-11-03 11:42:33,019 [Worker-16: Building] INFO  o.a.m.s.f.DefaultMavenResourcesFiltering - Copying 0 resource from src\main\resources to target\classes
2025-11-03 11:42:33,025 [Worker-16: Building] INFO  o.a.m.s.f.DefaultMavenResourcesFiltering - skip non existing resourceDirectory D:\OnlineVotingApplication Project SpringBoot\BackEnd\VoteZy\src\test\resources
2025-11-03 11:44:09,853 [Worker-18: Building] INFO  o.a.m.s.f.DefaultMavenResourcesFiltering - Copying 1 resource from src\main\resources to target\classes
2025-11-03 11:44:09,864 [Worker-18: Building] INFO  o.a.m.s.f.DefaultMavenResourcesFiltering - Copying 0 resource from src\main\resources to target\classes
2025-11-03 11:44:09,871 [Worker-18: Building] INFO  o.a.m.s.f.DefaultMavenResourcesFiltering - skip non existing resourceDirectory D:\OnlineVotingApplication Project SpringBoot\BackEnd\VoteZy\src\test\resources
2025-11-03 11:54:01,691 [Worker-23: Building] INFO  o.a.m.s.f.DefaultMavenResourcesFiltering - Copying 1 resource from src\main\resources to target\classes
2025-11-03 11:54:01,700 [Worker-23: Building] INFO  o.a.m.s.f.DefaultMavenResourcesFiltering - Copying 0 resource from src\main\resources to target\classes
2025-11-03 11:54:01,704 [Worker-23: Building] INFO  o.a.m.s.f.DefaultMavenResourcesFiltering - skip non existing resourceDirectory D:\OnlineVotingApplication Project SpringBoot\BackEnd\VoteZy\src\test\resources
2025-11-03 11:58:22,136 [Worker-26: Building] INFO  o.a.m.s.f.DefaultMavenResourcesFiltering - Copying 1 resource from src\main\resources to target\classes
2025-11-03 11:58:22,147 [Worker-26: Building] INFO  o.a.m.s.f.DefaultMavenResourcesFiltering - Copying 0 resource from src\main\resources to target\classes
2025-11-03 11:58:22,151 [Worker-26: Building] INFO  o.a.m.s.f.DefaultMavenResourcesFiltering - skip non existing resourceDirectory D:\OnlineVotingApplication Project SpringBoot\BackEnd\VoteZy\src\test\resources
2025-11-03 12:01:54,018 [Worker-25: Building] INFO  o.e.m.c.i.e.AbstractTransferListenerAdapter - Downloading https://repo.maven.apache.org/maven2/org/modelmapper/modelmapper/3.1.1/modelmapper-3.1.1.pom
2025-11-03 12:01:54,139 [Worker-25: Building] INFO  o.e.m.c.i.e.AbstractTransferListenerAdapter - Downloaded https://repo.maven.apache.org/maven2/org/modelmapper/modelmapper/3.1.1/modelmapper-3.1.1.pom
2025-11-03 12:01:54,309 [Worker-25: Building] INFO  o.e.m.c.i.e.AbstractTransferListenerAdapter - Downloading https://repo.maven.apache.org/maven2/org/modelmapper/modelmapper-parent/3.1.1/modelmapper-parent-3.1.1.pom
2025-11-03 12:01:54,384 [Worker-25: Building] INFO  o.e.m.c.i.e.AbstractTransferListenerAdapter - Downloaded https://repo.maven.apache.org/maven2/org/modelmapper/modelmapper-parent/3.1.1/modelmapper-parent-3.1.1.pom
2025-11-03 12:01:55,321 [Worker-25: Building] INFO  o.e.m.c.i.e.AbstractTransferListenerAdapter - Downloading https://repo.maven.apache.org/maven2/org/modelmapper/modelmapper/3.1.1/modelmapper-3.1.1.jar
2025-11-03 12:01:56,839 [Worker-25: Building] INFO  o.e.m.c.i.e.AbstractTransferListenerAdapter - Downloaded https://repo.maven.apache.org/maven2/org/modelmapper/modelmapper/3.1.1/modelmapper-3.1.1.jar
2025-11-03 12:01:59,346 [Worker-25: Building] INFO  o.e.m.c.i.l.LifecycleMappingFactory - Using org.eclipse.m2e.jdt.JarLifecycleMapping lifecycle mapping for MavenProject: com.example:VoteZy:0.0.1-SNAPSHOT @ D:\OnlineVotingApplication Project SpringBoot\BackEnd\VoteZy\pom.xml.
2025-11-03 12:02:00,973 [Worker-25: Building] INFO  o.a.m.s.f.DefaultMavenResourcesFiltering - Copying 0 resource from src\main\resources to target\classes
2025-11-03 12:02:00,974 [Worker-25: Building] INFO  o.a.m.s.f.DefaultMavenResourcesFiltering - Copying 0 resource from src\main\resources to target\classes
2025-11-03 12:02:00,983 [Worker-25: Building] INFO  o.a.m.s.f.DefaultMavenResourcesFiltering - skip non existing resourceDirectory D:\OnlineVotingApplication Project SpringBoot\BackEnd\VoteZy\src\test\resources
2025-11-03 12:02:01,473 [Worker-33: Download sources and javadoc] INFO  o.e.m.c.i.e.AbstractTransferListenerAdapter - Downloading https://repo.maven.apache.org/maven2/org/modelmapper/modelmapper/3.1.1/modelmapper-3.1.1-sources.jar
2025-11-03 12:02:01,831 [Worker-33: Download sources and javadoc] INFO  o.e.m.c.i.e.AbstractTransferListenerAdapter - Downloaded https://repo.maven.apache.org/maven2/org/modelmapper/modelmapper/3.1.1/modelmapper-3.1.1-sources.jar
2025-11-03 12:02:01,840 [Worker-33: Download sources and javadoc] INFO  o.e.m.j.internal.DownloadSourcesJob - Downloaded sources for org.modelmapper:modelmapper:3.1.1
2025-11-03 12:02:02,937 [Worker-31: Building] INFO  o.a.m.s.f.DefaultMavenResourcesFiltering - Copying 1 resource from src\main\resources to target\classes
2025-11-03 12:02:02,961 [Worker-31: Building] INFO  o.a.m.s.f.DefaultMavenResourcesFiltering - Copying 0 resource from src\main\resources to target\classes
2025-11-03 12:02:02,966 [Worker-31: Building] INFO  o.a.m.s.f.DefaultMavenResourcesFiltering - skip non existing resourceDirectory D:\OnlineVotingApplication Project SpringBoot\BackEnd\VoteZy\src\test\resources
2025-11-03 12:02:32,779 [Worker-58: Building] INFO  o.a.m.s.f.DefaultMavenResourcesFiltering - Copying 1 resource from src\main\resources to target\classes
2025-11-03 12:02:32,788 [Worker-58: Building] INFO  o.a.m.s.f.DefaultMavenResourcesFiltering - Copying 0 resource from src\main\resources to target\classes
2025-11-03 12:02:32,795 [Worker-58: Building] INFO  o.a.m.s.f.DefaultMavenResourcesFiltering - skip non existing resourceDirectory D:\OnlineVotingApplication Project SpringBoot\BackEnd\VoteZy\src\test\resources
2025-11-03 12:02:58,562 [Worker-25: Building] INFO  o.a.m.s.f.DefaultMavenResourcesFiltering - Copying 1 resource from src\main\resources to target\classes
2025-11-03 12:02:58,568 [Worker-25: Building] INFO  o.a.m.s.f.DefaultMavenResourcesFiltering - Copying 0 resource from src\main\resources to target\classes
2025-11-03 12:02:58,573 [Worker-25: Building] INFO  o.a.m.s.f.DefaultMavenResourcesFiltering - skip non existing resourceDirectory D:\OnlineVotingApplication Project SpringBoot\BackEnd\VoteZy\src\test\resources
2025-11-03 12:03:14,919 [Worker-34: Building] INFO  o.a.m.s.f.DefaultMavenResourcesFiltering - Copying 1 resource from src\main\resources to target\classes
2025-11-03 12:03:14,926 [Worker-34: Building] INFO  o.a.m.s.f.DefaultMavenResourcesFiltering - Copying 0 resource from src\main\resources to target\classes
2025-11-03 12:03:14,929 [Worker-34: Building] INFO  o.a.m.s.f.DefaultMavenResourcesFiltering - skip non existing resourceDirectory D:\OnlineVotingApplication Project SpringBoot\BackEnd\VoteZy\src\test\resources
2025-11-03 12:05:38,326 [Start Help Server] INFO  org.eclipse.jetty.server.Server - jetty-12.0.16; built: 2024-12-09T21:02:54.535Z; git: c3f88bafb4e393f23204dc14dc57b042e84debc7; jvm 21.0.6+7-LTS
2025-11-03 12:05:38,444 [Start Help Server] INFO  o.e.j.server.handler.ContextHandler - Started oeje8n.ContextHandler$CoreContextHandler@10a7d8eb{/help,/help,b=null,a=AVAILABLE,h=oeje8n.ContextHandler$CoreContextHandler$CoreToNestedHandler@1145f410{STARTED}}
2025-11-03 12:05:38,445 [Start Help Server] INFO  o.e.j.s.DefaultSessionIdManager - Session workerName=node0
2025-11-03 12:05:38,514 [Start Help Server] INFO  o.e.jetty.server.AbstractConnector - Started ServerConnector@5f4690f4{HTTP/1.1, (http/1.1)}{127.0.0.1:60296}
2025-11-03 12:05:38,549 [Start Help Server] INFO  org.eclipse.jetty.server.Server - Started oejs.Server@3e03a441{STARTING}[12.0.16,sto=0] @2774952ms
2025-11-03 12:08:32,285 [Worker-30: Building] INFO  o.a.m.s.f.DefaultMavenResourcesFiltering - Copying 1 resource from src\main\resources to target\classes
2025-11-03 12:08:32,294 [Worker-30: Building] INFO  o.a.m.s.f.DefaultMavenResourcesFiltering - Copying 0 resource from src\main\resources to target\classes
2025-11-03 12:08:32,298 [Worker-30: Building] INFO  o.a.m.s.f.DefaultMavenResourcesFiltering - skip non existing resourceDirectory D:\OnlineVotingApplication Project SpringBoot\BackEnd\VoteZy\src\test\resources
2025-11-03 14:43:13,255 [Worker-68: Building] INFO  o.a.m.s.f.DefaultMavenResourcesFiltering - Copying 1 resource from src\main\resources to target\classes
2025-11-03 14:43:13,381 [Worker-68: Building] INFO  o.a.m.s.f.DefaultMavenResourcesFiltering - Copying 0 resource from src\main\resources to target\classes
2025-11-03 14:43:13,387 [Worker-68: Building] INFO  o.a.m.s.f.DefaultMavenResourcesFiltering - skip non existing resourceDirectory D:\OnlineVotingApplication Project SpringBoot\BackEnd\VoteZy\src\test\resources
2025-11-03 14:46:08,917 [Worker-76: Building] INFO  o.e.m.c.i.e.AbstractTransferListenerAdapter - Downloading https://repo.maven.apache.org/maven2/org/apache/maven/plugins/maven-compiler-plugin/3.11.0/maven-compiler-plugin-3.11.0.jar
2025-11-03 14:46:09,003 [Worker-76: Building] INFO  o.e.m.c.i.e.AbstractTransferListenerAdapter - Downloaded https://repo.maven.apache.org/maven2/org/apache/maven/plugins/maven-compiler-plugin/3.11.0/maven-compiler-plugin-3.11.0.jar
2025-11-03 14:46:09,160 [Worker-76: Building] INFO  o.e.m.c.i.e.AbstractTransferListenerAdapter - Downloading https://repo.maven.apache.org/maven2/org/apache/maven/plugins/maven-compiler-plugin/3.11.0/maven-compiler-plugin-3.11.0.pom
2025-11-03 14:46:09,241 [Worker-76: Building] INFO  o.e.m.c.i.e.AbstractTransferListenerAdapter - Downloaded https://repo.maven.apache.org/maven2/org/apache/maven/plugins/maven-compiler-plugin/3.11.0/maven-compiler-plugin-3.11.0.pom
2025-11-03 14:46:09,387 [Worker-76: Building] INFO  o.e.m.c.i.e.AbstractTransferListenerAdapter - Downloading https://repo.maven.apache.org/maven2/org/apache/maven/shared/maven-shared-utils/3.3.4/maven-shared-utils-3.3.4.pom
2025-11-03 14:46:09,420 [Worker-76: Building] INFO  o.e.m.c.i.e.AbstractTransferListenerAdapter - Downloaded https://repo.maven.apache.org/maven2/org/apache/maven/shared/maven-shared-utils/3.3.4/maven-shared-utils-3.3.4.pom
2025-11-03 14:46:09,551 [Worker-76: Building] INFO  o.e.m.c.i.e.AbstractTransferListenerAdapter - Downloading https://repo.maven.apache.org/maven2/org/apache/maven/shared/maven-shared-components/34/maven-shared-components-34.pom
2025-11-03 14:46:09,605 [Worker-76: Building] INFO  o.e.m.c.i.e.AbstractTransferListenerAdapter - Downloaded https://repo.maven.apache.org/maven2/org/apache/maven/shared/maven-shared-components/34/maven-shared-components-34.pom
2025-11-03 14:46:09,786 [Worker-76: Building] INFO  o.e.m.c.i.e.AbstractTransferListenerAdapter - Downloading https://repo.maven.apache.org/maven2/commons-io/commons-io/2.6/commons-io-2.6.pom
2025-11-03 14:46:09,826 [Worker-76: Building] INFO  o.e.m.c.i.e.AbstractTransferListenerAdapter - Downloaded https://repo.maven.apache.org/maven2/commons-io/commons-io/2.6/commons-io-2.6.pom
2025-11-03 14:46:09,953 [Worker-76: Building] INFO  o.e.m.c.i.e.AbstractTransferListenerAdapter - Downloading https://repo.maven.apache.org/maven2/org/apache/commons/commons-parent/42/commons-parent-42.pom
2025-11-03 14:46:10,003 [Worker-76: Building] INFO  o.e.m.c.i.e.AbstractTransferListenerAdapter - Downloaded https://repo.maven.apache.org/maven2/org/apache/commons/commons-parent/42/commons-parent-42.pom
2025-11-03 14:46:10,104 [Worker-76: Building] INFO  o.e.m.c.i.e.AbstractTransferListenerAdapter - Downloading https://repo.maven.apache.org/maven2/org/apache/apache/18/apache-18.pom
2025-11-03 14:46:10,166 [Worker-76: Building] INFO  o.e.m.c.i.e.AbstractTransferListenerAdapter - Downloaded https://repo.maven.apache.org/maven2/org/apache/apache/18/apache-18.pom
2025-11-03 14:46:10,354 [Worker-76: Building] INFO  o.e.m.c.i.e.AbstractTransferListenerAdapter - Downloading https://repo.maven.apache.org/maven2/org/codehaus/plexus/plexus-component-annotations/1.5.5/plexus-component-annotations-1.5.5.pom
2025-11-03 14:46:10,405 [Worker-76: Building] INFO  o.e.m.c.i.e.AbstractTransferListenerAdapter - Downloaded https://repo.maven.apache.org/maven2/org/codehaus/plexus/plexus-component-annotations/1.5.5/plexus-component-annotations-1.5.5.pom
2025-11-03 14:46:10,520 [Worker-76: Building] INFO  o.e.m.c.i.e.AbstractTransferListenerAdapter - Downloading https://repo.maven.apache.org/maven2/org/codehaus/plexus/plexus-containers/1.5.5/plexus-containers-1.5.5.pom
2025-11-03 14:46:10,554 [Worker-76: Building] INFO  o.e.m.c.i.e.AbstractTransferListenerAdapter - Downloaded https://repo.maven.apache.org/maven2/org/codehaus/plexus/plexus-containers/1.5.5/plexus-containers-1.5.5.pom
2025-11-03 14:46:10,645 [Worker-76: Building] INFO  o.e.m.c.i.e.AbstractTransferListenerAdapter - Downloading https://repo.maven.apache.org/maven2/org/codehaus/plexus/plexus/2.0.7/plexus-2.0.7.pom
2025-11-03 14:46:10,682 [Worker-76: Building] INFO  o.e.m.c.i.e.AbstractTransferListenerAdapter - Downloaded https://repo.maven.apache.org/maven2/org/codehaus/plexus/plexus/2.0.7/plexus-2.0.7.pom
2025-11-03 14:46:10,795 [Worker-76: Building] INFO  o.e.m.c.i.e.AbstractTransferListenerAdapter - Downloading https://repo.maven.apache.org/maven2/org/codehaus/plexus/plexus-java/1.1.2/plexus-java-1.1.2.pom
2025-11-03 14:46:10,835 [Worker-76: Building] INFO  o.e.m.c.i.e.AbstractTransferListenerAdapter - Downloaded https://repo.maven.apache.org/maven2/org/codehaus/plexus/plexus-java/1.1.2/plexus-java-1.1.2.pom
2025-11-03 14:46:10,949 [Worker-76: Building] INFO  o.e.m.c.i.e.AbstractTransferListenerAdapter - Downloading https://repo.maven.apache.org/maven2/org/codehaus/plexus/plexus-languages/1.1.2/plexus-languages-1.1.2.pom
2025-11-03 14:46:10,991 [Worker-76: Building] INFO  o.e.m.c.i.e.AbstractTransferListenerAdapter - Downloaded https://repo.maven.apache.org/maven2/org/codehaus/plexus/plexus-languages/1.1.2/plexus-languages-1.1.2.pom
2025-11-03 14:46:11,077 [Worker-76: Building] INFO  o.e.m.c.i.e.AbstractTransferListenerAdapter - Downloading https://repo.maven.apache.org/maven2/org/ow2/asm/asm/9.4/asm-9.4.pom
2025-11-03 14:46:11,121 [Worker-76: Building] INFO  o.e.m.c.i.e.AbstractTransferListenerAdapter - Downloaded https://repo.maven.apache.org/maven2/org/ow2/asm/asm/9.4/asm-9.4.pom
2025-11-03 14:46:11,370 [Worker-76: Building] INFO  o.e.m.c.i.e.AbstractTransferListenerAdapter - Downloading https://repo.maven.apache.org/maven2/org/codehaus/plexus/plexus-compiler-api/2.13.0/plexus-compiler-api-2.13.0.pom
2025-11-03 14:46:11,415 [Worker-76: Building] INFO  o.e.m.c.i.e.AbstractTransferListenerAdapter - Downloaded https://repo.maven.apache.org/maven2/org/codehaus/plexus/plexus-compiler-api/2.13.0/plexus-compiler-api-2.13.0.pom
2025-11-03 14:46:11,505 [Worker-76: Building] INFO  o.e.m.c.i.e.AbstractTransferListenerAdapter - Downloading https://repo.maven.apache.org/maven2/org/codehaus/plexus/plexus-compiler/2.13.0/plexus-compiler-2.13.0.pom
2025-11-03 14:46:11,546 [Worker-76: Building] INFO  o.e.m.c.i.e.AbstractTransferListenerAdapter - Downloaded https://repo.maven.apache.org/maven2/org/codehaus/plexus/plexus-compiler/2.13.0/plexus-compiler-2.13.0.pom
2025-11-03 14:46:11,664 [Worker-76: Building] INFO  o.e.m.c.i.e.AbstractTransferListenerAdapter - Downloading https://repo.maven.apache.org/maven2/org/codehaus/plexus/plexus-components/10.0/plexus-components-10.0.pom
2025-11-03 14:46:11,716 [Worker-76: Building] INFO  o.e.m.c.i.e.AbstractTransferListenerAdapter - Downloaded https://repo.maven.apache.org/maven2/org/codehaus/plexus/plexus-components/10.0/plexus-components-10.0.pom
2025-11-03 14:46:11,827 [Worker-76: Building] INFO  o.e.m.c.i.e.AbstractTransferListenerAdapter - Downloading https://repo.maven.apache.org/maven2/org/junit/junit-bom/5.9.1/junit-bom-5.9.1.pom
2025-11-03 14:46:11,865 [Worker-76: Building] INFO  o.e.m.c.i.e.AbstractTransferListenerAdapter - Downloaded https://repo.maven.apache.org/maven2/org/junit/junit-bom/5.9.1/junit-bom-5.9.1.pom
2025-11-03 14:46:12,016 [Worker-76: Building] INFO  o.e.m.c.i.e.AbstractTransferListenerAdapter - Downloading https://repo.maven.apache.org/maven2/org/codehaus/plexus/plexus-compiler-manager/2.13.0/plexus-compiler-manager-2.13.0.pom
2025-11-03 14:46:12,066 [Worker-76: Building] INFO  o.e.m.c.i.e.AbstractTransferListenerAdapter - Downloaded https://repo.maven.apache.org/maven2/org/codehaus/plexus/plexus-compiler-manager/2.13.0/plexus-compiler-manager-2.13.0.pom
2025-11-03 14:46:12,183 [Worker-76: Building] INFO  o.e.m.c.i.e.AbstractTransferListenerAdapter - Downloading https://repo.maven.apache.org/maven2/org/codehaus/plexus/plexus-component-annotations/2.1.1/plexus-component-annotations-2.1.1.pom
2025-11-03 14:46:12,242 [Worker-76: Building] INFO  o.e.m.c.i.e.AbstractTransferListenerAdapter - Downloaded https://repo.maven.apache.org/maven2/org/codehaus/plexus/plexus-component-annotations/2.1.1/plexus-component-annotations-2.1.1.pom
2025-11-03 14:46:12,360 [Worker-76: Building] INFO  o.e.m.c.i.e.AbstractTransferListenerAdapter - Downloading https://repo.maven.apache.org/maven2/org/codehaus/plexus/plexus-containers/2.1.1/plexus-containers-2.1.1.pom
2025-11-03 14:46:12,393 [Worker-76: Building] INFO  o.e.m.c.i.e.AbstractTransferListenerAdapter - Downloaded https://repo.maven.apache.org/maven2/org/codehaus/plexus/plexus-containers/2.1.1/plexus-containers-2.1.1.pom
2025-11-03 14:46:12,533 [Worker-76: Building] INFO  o.e.m.c.i.e.AbstractTransferListenerAdapter - Downloading https://repo.maven.apache.org/maven2/org/codehaus/plexus/plexus/6.5/plexus-6.5.pom
2025-11-03 14:46:12,574 [Worker-76: Building] INFO  o.e.m.c.i.e.AbstractTransferListenerAdapter - Downloaded https://repo.maven.apache.org/maven2/org/codehaus/plexus/plexus/6.5/plexus-6.5.pom
2025-11-03 14:46:12,704 [Worker-76: Building] INFO  o.e.m.c.i.e.AbstractTransferListenerAdapter - Downloading https://repo.maven.apache.org/maven2/org/codehaus/plexus/plexus-compiler-javac/2.13.0/plexus-compiler-javac-2.13.0.pom
2025-11-03 14:46:12,741 [Worker-76: Building] INFO  o.e.m.c.i.e.AbstractTransferListenerAdapter - Downloaded https://repo.maven.apache.org/maven2/org/codehaus/plexus/plexus-compiler-javac/2.13.0/plexus-compiler-javac-2.13.0.pom
2025-11-03 14:46:12,822 [Worker-76: Building] INFO  o.e.m.c.i.e.AbstractTransferListenerAdapter - Downloading https://repo.maven.apache.org/maven2/org/codehaus/plexus/plexus-compilers/2.13.0/plexus-compilers-2.13.0.pom
2025-11-03 14:46:12,852 [Worker-76: Building] INFO  o.e.m.c.i.e.AbstractTransferListenerAdapter - Downloaded https://repo.maven.apache.org/maven2/org/codehaus/plexus/plexus-compilers/2.13.0/plexus-compilers-2.13.0.pom
2025-11-03 14:46:12,989 [Worker-76: Building] INFO  o.e.m.c.i.e.AbstractTransferListenerAdapter - Downloading https://repo.maven.apache.org/maven2/org/apache/maven/shared/maven-shared-utils/3.3.4/maven-shared-utils-3.3.4.jar
2025-11-03 14:46:13,085 [Worker-76: Building] INFO  o.e.m.c.i.e.AbstractTransferListenerAdapter - Downloaded https://repo.maven.apache.org/maven2/org/apache/maven/shared/maven-shared-utils/3.3.4/maven-shared-utils-3.3.4.jar
2025-11-03 14:46:13,190 [BasicRepositoryConnector-repo.maven.apache.org-0-2] INFO  o.e.m.c.i.e.AbstractTransferListenerAdapter - Downloading https://repo.maven.apache.org/maven2/org/codehaus/plexus/plexus-java/1.1.2/plexus-java-1.1.2.jar
2025-11-03 14:46:13,257 [BasicRepositoryConnector-repo.maven.apache.org-0-2] INFO  o.e.m.c.i.e.AbstractTransferListenerAdapter - Downloaded https://repo.maven.apache.org/maven2/org/codehaus/plexus/plexus-java/1.1.2/plexus-java-1.1.2.jar
2025-11-03 14:46:13,299 [BasicRepositoryConnector-repo.maven.apache.org-0-4] INFO  o.e.m.c.i.e.AbstractTransferListenerAdapter - Downloading https://repo.maven.apache.org/maven2/org/codehaus/plexus/plexus-compiler-api/2.13.0/plexus-compiler-api-2.13.0.jar
2025-11-03 14:46:13,349 [BasicRepositoryConnector-repo.maven.apache.org-0-2] INFO  o.e.m.c.i.e.AbstractTransferListenerAdapter - Downloading https://repo.maven.apache.org/maven2/org/codehaus/plexus/plexus-utils/3.5.0/plexus-utils-3.5.0.jar
2025-11-03 14:46:13,359 [BasicRepositoryConnector-repo.maven.apache.org-0-3] INFO  o.e.m.c.i.e.AbstractTransferListenerAdapter - Downloading https://repo.maven.apache.org/maven2/org/ow2/asm/asm/9.4/asm-9.4.jar
2025-11-03 14:46:13,359 [BasicRepositoryConnector-repo.maven.apache.org-0-1] INFO  o.e.m.c.i.e.AbstractTransferListenerAdapter - Downloading https://repo.maven.apache.org/maven2/org/codehaus/plexus/plexus-component-annotations/1.5.5/plexus-component-annotations-1.5.5.jar
2025-11-03 14:46:13,379 [BasicRepositoryConnector-repo.maven.apache.org-0-0] INFO  o.e.m.c.i.e.AbstractTransferListenerAdapter - Downloading https://repo.maven.apache.org/maven2/commons-io/commons-io/2.6/commons-io-2.6.jar
2025-11-03 14:46:13,441 [BasicRepositoryConnector-repo.maven.apache.org-0-2] INFO  o.e.m.c.i.e.AbstractTransferListenerAdapter - Downloaded https://repo.maven.apache.org/maven2/org/codehaus/plexus/plexus-utils/3.5.0/plexus-utils-3.5.0.jar
2025-11-03 14:46:13,451 [BasicRepositoryConnector-repo.maven.apache.org-0-3] INFO  o.e.m.c.i.e.AbstractTransferListenerAdapter - Downloaded https://repo.maven.apache.org/maven2/org/ow2/asm/asm/9.4/asm-9.4.jar
2025-11-03 14:46:13,461 [BasicRepositoryConnector-repo.maven.apache.org-0-1] INFO  o.e.m.c.i.e.AbstractTransferListenerAdapter - Downloaded https://repo.maven.apache.org/maven2/org/codehaus/plexus/plexus-component-annotations/1.5.5/plexus-component-annotations-1.5.5.jar
2025-11-03 14:46:13,554 [BasicRepositoryConnector-repo.maven.apache.org-0-2] INFO  o.e.m.c.i.e.AbstractTransferListenerAdapter - Downloading https://repo.maven.apache.org/maven2/org/codehaus/plexus/plexus-compiler-manager/2.13.0/plexus-compiler-manager-2.13.0.jar
2025-11-03 14:46:13,554 [BasicRepositoryConnector-repo.maven.apache.org-0-3] INFO  o.e.m.c.i.e.AbstractTransferListenerAdapter - Downloading https://repo.maven.apache.org/maven2/org/codehaus/plexus/plexus-compiler-javac/2.13.0/plexus-compiler-javac-2.13.0.jar
2025-11-03 14:46:13,555 [BasicRepositoryConnector-repo.maven.apache.org-0-0] INFO  o.e.m.c.i.e.AbstractTransferListenerAdapter - Downloaded https://repo.maven.apache.org/maven2/commons-io/commons-io/2.6/commons-io-2.6.jar
2025-11-03 14:46:13,673 [BasicRepositoryConnector-repo.maven.apache.org-0-2] INFO  o.e.m.c.i.e.AbstractTransferListenerAdapter - Downloaded https://repo.maven.apache.org/maven2/org/codehaus/plexus/plexus-compiler-manager/2.13.0/plexus-compiler-manager-2.13.0.jar
2025-11-03 14:46:13,759 [BasicRepositoryConnector-repo.maven.apache.org-0-4] INFO  o.e.m.c.i.e.AbstractTransferListenerAdapter - Downloaded https://repo.maven.apache.org/maven2/org/codehaus/plexus/plexus-compiler-api/2.13.0/plexus-compiler-api-2.13.0.jar
2025-11-03 14:46:13,795 [BasicRepositoryConnector-repo.maven.apache.org-0-3] INFO  o.e.m.c.i.e.AbstractTransferListenerAdapter - Downloaded https://repo.maven.apache.org/maven2/org/codehaus/plexus/plexus-compiler-javac/2.13.0/plexus-compiler-javac-2.13.0.jar
2025-11-03 14:46:14,027 [Worker-76: Building] INFO  o.e.m.c.i.l.LifecycleMappingFactory - Using org.eclipse.m2e.jdt.JarLifecycleMapping lifecycle mapping for MavenProject: com.example:VoteZy:0.0.1-SNAPSHOT @ D:\OnlineVotingApplication Project SpringBoot\BackEnd\VoteZy\pom.xml.
2025-11-03 14:46:14,434 [Worker-76: Building] INFO  o.e.m.c.i.e.AbstractTransferListenerAdapter - Downloading https://repo.maven.apache.org/maven2/org/projectlombok/lombok/1.18.32/lombok-1.18.32.pom
2025-11-03 14:46:14,467 [Worker-76: Building] INFO  o.e.m.c.i.e.AbstractTransferListenerAdapter - Downloaded https://repo.maven.apache.org/maven2/org/projectlombok/lombok/1.18.32/lombok-1.18.32.pom
2025-11-03 14:46:14,558 [Worker-76: Building] INFO  o.e.m.c.i.e.AbstractTransferListenerAdapter - Downloading https://repo.maven.apache.org/maven2/org/mapstruct/mapstruct/1.5.5.Final/mapstruct-1.5.5.Final.pom
2025-11-03 14:46:14,599 [Worker-76: Building] INFO  o.e.m.c.i.e.AbstractTransferListenerAdapter - Downloaded https://repo.maven.apache.org/maven2/org/mapstruct/mapstruct/1.5.5.Final/mapstruct-1.5.5.Final.pom
2025-11-03 14:46:14,773 [Worker-76: Building] INFO  o.e.m.c.i.e.AbstractTransferListenerAdapter - Downloading https://repo.maven.apache.org/maven2/org/mapstruct/mapstruct-parent/1.5.5.Final/mapstruct-parent-1.5.5.Final.pom
2025-11-03 14:46:14,816 [Worker-76: Building] INFO  o.e.m.c.i.e.AbstractTransferListenerAdapter - Downloaded https://repo.maven.apache.org/maven2/org/mapstruct/mapstruct-parent/1.5.5.Final/mapstruct-parent-1.5.5.Final.pom
2025-11-03 14:46:15,137 [Worker-76: Building] INFO  o.e.m.c.i.e.AbstractTransferListenerAdapter - Downloading https://repo.maven.apache.org/maven2/org/projectlombok/lombok/1.18.32/lombok-1.18.32.jar
2025-11-03 14:46:15,341 [Worker-76: Building] INFO  o.e.m.c.i.e.AbstractTransferListenerAdapter - Downloaded https://repo.maven.apache.org/maven2/org/projectlombok/lombok/1.18.32/lombok-1.18.32.jar
2025-11-03 14:46:15,431 [BasicRepositoryConnector-repo.maven.apache.org-1-0] INFO  o.e.m.c.i.e.AbstractTransferListenerAdapter - Downloading https://repo.maven.apache.org/maven2/org/mapstruct/mapstruct/1.5.5.Final/mapstruct-1.5.5.Final.jar
2025-11-03 14:46:16,120 [BasicRepositoryConnector-repo.maven.apache.org-1-0] INFO  o.e.m.c.i.e.AbstractTransferListenerAdapter - Downloaded https://repo.maven.apache.org/maven2/org/mapstruct/mapstruct/1.5.5.Final/mapstruct-1.5.5.Final.jar
2025-11-03 14:46:17,026 [Worker-76: Building] INFO  o.a.m.s.f.DefaultMavenResourcesFiltering - Copying 1 resource from src\main\resources to target\classes
2025-11-03 14:46:17,041 [Worker-76: Building] INFO  o.a.m.s.f.DefaultMavenResourcesFiltering - Copying 0 resource from src\main\resources to target\classes
2025-11-03 14:46:17,045 [Worker-76: Building] INFO  o.a.m.s.f.DefaultMavenResourcesFiltering - skip non existing resourceDirectory D:\OnlineVotingApplication Project SpringBoot\BackEnd\VoteZy\src\test\resources
2025-11-03 14:46:17,460 [Worker-72: Updating Maven Project] INFO  o.e.m.c.i.p.ProjectConfigurationManager - Update started
2025-11-03 14:46:18,668 [Worker-72: Updating Maven Project] INFO  o.e.m.c.i.l.LifecycleMappingFactory - Using org.eclipse.m2e.jdt.JarLifecycleMapping lifecycle mapping for MavenProject: com.example:VoteZy:0.0.1-SNAPSHOT @ D:\OnlineVotingApplication Project SpringBoot\BackEnd\VoteZy\pom.xml.
2025-11-03 14:46:18,820 [Worker-73: Download sources and javadoc] INFO  o.e.m.c.i.e.AbstractTransferListenerAdapter - Downloading https://repo.maven.apache.org/maven2/org/projectlombok/lombok/1.18.32/lombok-1.18.32-sources.jar
2025-11-03 14:46:19,041 [Worker-73: Download sources and javadoc] INFO  o.e.m.c.i.e.AbstractTransferListenerAdapter - Downloaded https://repo.maven.apache.org/maven2/org/projectlombok/lombok/1.18.32/lombok-1.18.32-sources.jar
2025-11-03 14:46:19,046 [Worker-73: Download sources and javadoc] INFO  o.e.m.j.internal.DownloadSourcesJob - Downloaded sources for org.projectlombok:lombok:1.18.32
2025-11-03 14:46:19,290 [Worker-73: Download sources and javadoc] INFO  o.e.m.c.i.e.AbstractTransferListenerAdapter - Downloading https://repo.maven.apache.org/maven2/org/mapstruct/mapstruct/1.5.5.Final/mapstruct-1.5.5.Final-sources.jar
2025-11-03 14:46:19,363 [Worker-73: Download sources and javadoc] INFO  o.e.m.c.i.e.AbstractTransferListenerAdapter - Downloaded https://repo.maven.apache.org/maven2/org/mapstruct/mapstruct/1.5.5.Final/mapstruct-1.5.5.Final-sources.jar
2025-11-03 14:46:19,371 [Worker-73: Download sources and javadoc] INFO  o.e.m.j.internal.DownloadSourcesJob - Downloaded sources for org.mapstruct:mapstruct:1.5.5.Final
2025-11-03 14:46:19,535 [Worker-72: Updating Maven Project] INFO  o.e.m.j.i.AbstractJavaProjectConfigurator - Adding source folder /VoteZy/src/main/java
2025-11-03 14:46:19,538 [Worker-72: Updating Maven Project] INFO  o.e.m.j.i.AbstractJavaProjectConfigurator - Adding resource folder /VoteZy/src/main/resources
2025-11-03 14:46:19,539 [Worker-72: Updating Maven Project] INFO  o.e.m.j.i.AbstractJavaProjectConfigurator - Adding resource folder /VoteZy/src/main/resources
2025-11-03 14:46:19,539 [Worker-72: Updating Maven Project] INFO  o.e.m.j.i.AbstractJavaProjectConfigurator - Adding source folder /VoteZy/src/test/java
2025-11-03 14:46:19,541 [Worker-72: Updating Maven Project] INFO  o.e.m.j.i.AbstractJavaProjectConfigurator - Adding resource folder /VoteZy/src/test/resources
2025-11-03 14:46:19,803 [Worker-72: Updating Maven Project] INFO  o.e.m.c.i.e.AbstractTransferListenerAdapter - Downloading https://repo.maven.apache.org/maven2/org/mapstruct/mapstruct-processor/1.5.5.Final/mapstruct-processor-1.5.5.Final.pom
2025-11-03 14:46:19,850 [Worker-72: Updating Maven Project] INFO  o.e.m.c.i.e.AbstractTransferListenerAdapter - Downloaded https://repo.maven.apache.org/maven2/org/mapstruct/mapstruct-processor/1.5.5.Final/mapstruct-processor-1.5.5.Final.pom
2025-11-03 14:46:19,960 [Worker-72: Updating Maven Project] INFO  o.e.m.c.i.e.AbstractTransferListenerAdapter - Downloading https://repo.maven.apache.org/maven2/org/mapstruct/mapstruct-processor/1.5.5.Final/mapstruct-processor-1.5.5.Final.jar
2025-11-03 14:46:20,307 [Worker-72: Updating Maven Project] INFO  o.e.m.c.i.e.AbstractTransferListenerAdapter - Downloaded https://repo.maven.apache.org/maven2/org/mapstruct/mapstruct-processor/1.5.5.Final/mapstruct-processor-1.5.5.Final.jar
2025-11-03 14:46:21,447 [Worker-72: Updating Maven Project] INFO  o.e.m.c.i.p.ProjectConfigurationManager - Update completed for 1 poms: local refresh takes 0.00 sec, refresh facades takes 1.00 sec, update config takes 1.00 sec 
2025-11-03 14:46:23,277 [Worker-85: Building] INFO  o.a.m.s.f.DefaultMavenResourcesFiltering - Copying 1 resource from src\main\resources to target\classes
2025-11-03 14:46:23,303 [Worker-85: Building] INFO  o.a.m.s.f.DefaultMavenResourcesFiltering - Copying 0 resource from src\main\resources to target\classes
2025-11-03 14:46:23,311 [Worker-85: Building] INFO  o.a.m.s.f.DefaultMavenResourcesFiltering - skip non existing resourceDirectory D:\OnlineVotingApplication Project SpringBoot\BackEnd\VoteZy\src\test\resources
2025-11-03 14:47:20,194 [Worker-72: Building] INFO  o.e.m.c.i.l.LifecycleMappingFactory - Using org.eclipse.m2e.jdt.JarLifecycleMapping lifecycle mapping for MavenProject: com.example:VoteZy:0.0.1-SNAPSHOT @ D:\OnlineVotingApplication Project SpringBoot\BackEnd\VoteZy\pom.xml.
2025-11-03 14:47:20,979 [Worker-72: Building] INFO  o.a.m.s.f.DefaultMavenResourcesFiltering - Copying 0 resource from src\main\resources to target\classes
2025-11-03 14:47:20,979 [Worker-72: Building] INFO  o.a.m.s.f.DefaultMavenResourcesFiltering - Copying 0 resource from src\main\resources to target\classes
2025-11-03 14:47:20,984 [Worker-72: Building] INFO  o.a.m.s.f.DefaultMavenResourcesFiltering - skip non existing resourceDirectory D:\OnlineVotingApplication Project SpringBoot\BackEnd\VoteZy\src\test\resources
2025-11-03 14:47:21,029 [Worker-88: Updating Maven Project] INFO  o.e.m.c.i.p.ProjectConfigurationManager - Update started
2025-11-03 14:47:21,353 [Worker-88: Updating Maven Project] INFO  o.e.m.c.i.l.LifecycleMappingFactory - Using org.eclipse.m2e.jdt.JarLifecycleMapping lifecycle mapping for MavenProject: com.example:VoteZy:0.0.1-SNAPSHOT @ D:\OnlineVotingApplication Project SpringBoot\BackEnd\VoteZy\pom.xml.
2025-11-03 14:47:21,941 [Worker-88: Updating Maven Project] INFO  o.e.m.j.i.AbstractJavaProjectConfigurator - Adding source folder /VoteZy/src/main/java
2025-11-03 14:47:21,941 [Worker-88: Updating Maven Project] INFO  o.e.m.j.i.AbstractJavaProjectConfigurator - Adding resource folder /VoteZy/src/main/resources
2025-11-03 14:47:21,943 [Worker-88: Updating Maven Project] INFO  o.e.m.j.i.AbstractJavaProjectConfigurator - Adding resource folder /VoteZy/src/main/resources
2025-11-03 14:47:21,943 [Worker-88: Updating Maven Project] INFO  o.e.m.j.i.AbstractJavaProjectConfigurator - Adding source folder /VoteZy/src/test/java
2025-11-03 14:47:21,943 [Worker-88: Updating Maven Project] INFO  o.e.m.j.i.AbstractJavaProjectConfigurator - Adding resource folder /VoteZy/src/test/resources
2025-11-03 14:47:22,288 [Worker-88: Updating Maven Project] INFO  o.e.m.c.i.p.ProjectConfigurationManager - Update completed for 1 poms: local refresh takes 0.00 sec, refresh facades takes 0.00 sec, update config takes 0.00 sec 
2025-11-03 14:47:22,689 [Worker-91: Building] INFO  o.a.m.s.f.DefaultMavenResourcesFiltering - Copying 1 resource from src\main\resources to target\classes
2025-11-03 14:47:22,706 [Worker-91: Building] INFO  o.a.m.s.f.DefaultMavenResourcesFiltering - Copying 0 resource from src\main\resources to target\classes
2025-11-03 14:47:22,711 [Worker-91: Building] INFO  o.a.m.s.f.DefaultMavenResourcesFiltering - skip non existing resourceDirectory D:\OnlineVotingApplication Project SpringBoot\BackEnd\VoteZy\src\test\resources
2025-11-03 14:47:28,866 [Worker-82: Building] INFO  o.a.m.s.f.DefaultMavenResourcesFiltering - Copying 1 resource from src\main\resources to target\classes
2025-11-03 14:47:28,881 [Worker-82: Building] INFO  o.a.m.s.f.DefaultMavenResourcesFiltering - Copying 0 resource from src\main\resources to target\classes
2025-11-03 14:47:28,886 [Worker-82: Building] INFO  o.a.m.s.f.DefaultMavenResourcesFiltering - skip non existing resourceDirectory D:\OnlineVotingApplication Project SpringBoot\BackEnd\VoteZy\src\test\resources
2025-11-03 14:47:38,626 [Worker-73: Building] INFO  o.a.m.s.f.DefaultMavenResourcesFiltering - Copying 1 resource from src\main\resources to target\classes
2025-11-03 14:47:38,633 [Worker-73: Building] INFO  o.a.m.s.f.DefaultMavenResourcesFiltering - Copying 0 resource from src\main\resources to target\classes
2025-11-03 14:47:38,636 [Worker-73: Building] INFO  o.a.m.s.f.DefaultMavenResourcesFiltering - skip non existing resourceDirectory D:\OnlineVotingApplication Project SpringBoot\BackEnd\VoteZy\src\test\resources
2025-11-03 14:49:04,364 [Worker-88: Building] INFO  o.a.m.s.f.DefaultMavenResourcesFiltering - Copying 1 resource from src\main\resources to target\classes
2025-11-03 14:49:04,373 [Worker-88: Building] INFO  o.a.m.s.f.DefaultMavenResourcesFiltering - Copying 0 resource from src\main\resources to target\classes
2025-11-03 14:49:04,376 [Worker-88: Building] INFO  o.a.m.s.f.DefaultMavenResourcesFiltering - skip non existing resourceDirectory D:\OnlineVotingApplication Project SpringBoot\BackEnd\VoteZy\src\test\resources
2025-11-03 14:50:01,782 [Worker-104: Building] INFO  o.a.m.s.f.DefaultMavenResourcesFiltering - Copying 1 resource from src\main\resources to target\classes
2025-11-03 14:50:01,790 [Worker-104: Building] INFO  o.a.m.s.f.DefaultMavenResourcesFiltering - Copying 0 resource from src\main\resources to target\classes
2025-11-03 14:50:01,792 [Worker-104: Building] INFO  o.a.m.s.f.DefaultMavenResourcesFiltering - skip non existing resourceDirectory D:\OnlineVotingApplication Project SpringBoot\BackEnd\VoteZy\src\test\resources
2025-11-03 16:48:42,919 [Worker-123: Building] INFO  o.a.m.s.f.DefaultMavenResourcesFiltering - Copying 1 resource from src\main\resources to target\classes
2025-11-03 16:48:42,930 [Worker-123: Building] INFO  o.a.m.s.f.DefaultMavenResourcesFiltering - Copying 0 resource from src\main\resources to target\classes
2025-11-03 16:48:42,934 [Worker-123: Building] INFO  o.a.m.s.f.DefaultMavenResourcesFiltering - skip non existing resourceDirectory D:\OnlineVotingApplication Project SpringBoot\BackEnd\VoteZy\src\test\resources
2025-11-03 16:50:16,141 [Worker-127: Building] INFO  o.a.m.s.f.DefaultMavenResourcesFiltering - Copying 1 resource from src\main\resources to target\classes
2025-11-03 16:50:16,152 [Worker-127: Building] INFO  o.a.m.s.f.DefaultMavenResourcesFiltering - Copying 0 resource from src\main\resources to target\classes
2025-11-03 16:50:16,156 [Worker-127: Building] INFO  o.a.m.s.f.DefaultMavenResourcesFiltering - skip non existing resourceDirectory D:\OnlineVotingApplication Project SpringBoot\BackEnd\VoteZy\src\test\resources
2025-11-03 16:57:17,067 [Worker-136: Building] INFO  o.a.m.s.f.DefaultMavenResourcesFiltering - Copying 1 resource from src\main\resources to target\classes
2025-11-03 16:57:17,096 [Worker-136: Building] INFO  o.a.m.s.f.DefaultMavenResourcesFiltering - Copying 0 resource from src\main\resources to target\classes
2025-11-03 16:57:17,100 [Worker-136: Building] INFO  o.a.m.s.f.DefaultMavenResourcesFiltering - skip non existing resourceDirectory D:\OnlineVotingApplication Project SpringBoot\BackEnd\VoteZy\src\test\resources
2025-11-03 16:57:33,912 [Worker-136: Building] INFO  o.a.m.s.f.DefaultMavenResourcesFiltering - Copying 1 resource from src\main\resources to target\classes
2025-11-03 16:57:33,924 [Worker-136: Building] INFO  o.a.m.s.f.DefaultMavenResourcesFiltering - Copying 0 resource from src\main\resources to target\classes
2025-11-03 16:57:33,929 [Worker-136: Building] INFO  o.a.m.s.f.DefaultMavenResourcesFiltering - skip non existing resourceDirectory D:\OnlineVotingApplication Project SpringBoot\BackEnd\VoteZy\src\test\resources
2025-11-03 16:58:10,656 [Stop Help Server] INFO  org.eclipse.jetty.server.Server - Stopped oejs.Server@3e03a441{STOPPING}[12.0.16,sto=0]
2025-11-03 16:58:10,667 [Stop Help Server] INFO  o.e.jetty.server.AbstractConnector - Stopped ServerConnector@5f4690f4{HTTP/1.1, (http/1.1)}{127.0.0.1:0}
2025-11-03 17:06:02,328 [Worker-4: Loading available Gradle versions] INFO  o.e.b.c.i.u.g.PublishedGradleVersions - Gradle version information cache is up-to-date. Trying to read.
2025-11-03 17:06:26,216 [Worker-11: Building] INFO  o.a.m.s.f.DefaultMavenResourcesFiltering - Copying 1 resource from src\main\resources to target\classes
2025-11-03 17:06:26,239 [Worker-11: Building] INFO  o.a.m.s.f.DefaultMavenResourcesFiltering - Copying 0 resource from src\main\resources to target\classes
2025-11-03 17:06:26,246 [Worker-11: Building] INFO  o.a.m.s.f.DefaultMavenResourcesFiltering - skip non existing resourceDirectory D:\OnlineVotingApplication Project SpringBoot\BackEnd\VoteZy\src\test\resources
2025-11-03 17:06:29,443 [Worker-4: Building] INFO  o.a.m.s.f.DefaultMavenResourcesFiltering - Copying 1 resource from src\main\resources to target\classes
2025-11-03 17:06:29,450 [Worker-4: Building] INFO  o.a.m.s.f.DefaultMavenResourcesFiltering - Copying 0 resource from src\main\resources to target\classes
2025-11-03 17:06:29,454 [Worker-4: Building] INFO  o.a.m.s.f.DefaultMavenResourcesFiltering - skip non existing resourceDirectory D:\OnlineVotingApplication Project SpringBoot\BackEnd\VoteZy\src\test\resources
2025-11-03 17:06:58,878 [Worker-4: Building] INFO  o.a.m.s.f.DefaultMavenResourcesFiltering - Copying 1 resource from src\main\resources to target\classes
2025-11-03 17:06:58,884 [Worker-4: Building] INFO  o.a.m.s.f.DefaultMavenResourcesFiltering - Copying 0 resource from src\main\resources to target\classes
2025-11-03 17:06:58,888 [Worker-4: Building] INFO  o.a.m.s.f.DefaultMavenResourcesFiltering - skip non existing resourceDirectory D:\OnlineVotingApplication Project SpringBoot\BackEnd\VoteZy\src\test\resources
2025-11-03 17:07:45,918 [Worker-10: Building] INFO  o.a.m.s.f.DefaultMavenResourcesFiltering - Copying 1 resource from src\main\resources to target\classes
2025-11-03 17:07:45,927 [Worker-10: Building] INFO  o.a.m.s.f.DefaultMavenResourcesFiltering - Copying 0 resource from src\main\resources to target\classes
2025-11-03 17:07:45,931 [Worker-10: Building] INFO  o.a.m.s.f.DefaultMavenResourcesFiltering - skip non existing resourceDirectory D:\OnlineVotingApplication Project SpringBoot\BackEnd\VoteZy\src\test\resources
2025-11-03 17:07:55,693 [Worker-8: Building] INFO  o.a.m.s.f.DefaultMavenResourcesFiltering - Copying 1 resource from src\main\resources to target\classes
2025-11-03 17:07:55,703 [Worker-8: Building] INFO  o.a.m.s.f.DefaultMavenResourcesFiltering - Copying 0 resource from src\main\resources to target\classes
2025-11-03 17:07:55,708 [Worker-8: Building] INFO  o.a.m.s.f.DefaultMavenResourcesFiltering - skip non existing resourceDirectory D:\OnlineVotingApplication Project SpringBoot\BackEnd\VoteZy\src\test\resources
2025-11-03 17:08:04,119 [Worker-11: Building] INFO  o.a.m.s.f.DefaultMavenResourcesFiltering - Copying 1 resource from src\main\resources to target\classes
2025-11-03 17:08:04,126 [Worker-11: Building] INFO  o.a.m.s.f.DefaultMavenResourcesFiltering - Copying 0 resource from src\main\resources to target\classes
2025-11-03 17:08:04,130 [Worker-11: Building] INFO  o.a.m.s.f.DefaultMavenResourcesFiltering - skip non existing resourceDirectory D:\OnlineVotingApplication Project SpringBoot\BackEnd\VoteZy\src\test\resources
2025-11-03 17:08:19,646 [Worker-4: Building] INFO  o.a.m.s.f.DefaultMavenResourcesFiltering - Copying 1 resource from src\main\resources to target\classes
2025-11-03 17:08:19,653 [Worker-4: Building] INFO  o.a.m.s.f.DefaultMavenResourcesFiltering - Copying 0 resource from src\main\resources to target\classes
2025-11-03 17:08:19,656 [Worker-4: Building] INFO  o.a.m.s.f.DefaultMavenResourcesFiltering - skip non existing resourceDirectory D:\OnlineVotingApplication Project SpringBoot\BackEnd\VoteZy\src\test\resources
2025-11-04 10:00:02,975 [Worker-6: Loading available Gradle versions] INFO  o.e.b.c.i.u.g.PublishedGradleVersions - Gradle version information cache is up-to-date. Trying to read.
2025-11-04 10:01:33,452 [Worker-4: Building] INFO  o.a.m.s.f.DefaultMavenResourcesFiltering - Copying 1 resource from src\main\resources to target\classes
2025-11-04 10:01:33,492 [Worker-4: Building] INFO  o.a.m.s.f.DefaultMavenResourcesFiltering - Copying 0 resource from src\main\resources to target\classes
2025-11-04 10:01:33,497 [Worker-4: Building] INFO  o.a.m.s.f.DefaultMavenResourcesFiltering - skip non existing resourceDirectory D:\OnlineVotingApplication Project SpringBoot\BackEnd\VoteZy\src\test\resources
2025-11-04 10:03:12,988 [Worker-10: Building] INFO  o.a.m.s.f.DefaultMavenResourcesFiltering - Copying 1 resource from src\main\resources to target\classes
2025-11-04 10:03:13,001 [Worker-10: Building] INFO  o.a.m.s.f.DefaultMavenResourcesFiltering - Copying 0 resource from src\main\resources to target\classes
2025-11-04 10:03:13,004 [Worker-10: Building] INFO  o.a.m.s.f.DefaultMavenResourcesFiltering - skip non existing resourceDirectory D:\OnlineVotingApplication Project SpringBoot\BackEnd\VoteZy\src\test\resources
2025-11-04 10:56:39,505 [Worker-14: Building] INFO  o.a.m.s.f.DefaultMavenResourcesFiltering - Copying 1 resource from src\main\resources to target\classes
2025-11-04 10:56:39,516 [Worker-14: Building] INFO  o.a.m.s.f.DefaultMavenResourcesFiltering - Copying 0 resource from src\main\resources to target\classes
2025-11-04 10:56:39,524 [Worker-14: Building] INFO  o.a.m.s.f.DefaultMavenResourcesFiltering - skip non existing resourceDirectory D:\OnlineVotingApplication Project SpringBoot\BackEnd\VoteZy\src\test\resources
2025-11-04 10:58:42,222 [Worker-20: Building] INFO  o.a.m.s.f.DefaultMavenResourcesFiltering - Copying 1 resource from src\main\resources to target\classes
2025-11-04 10:58:42,234 [Worker-20: Building] INFO  o.a.m.s.f.DefaultMavenResourcesFiltering - Copying 0 resource from src\main\resources to target\classes
2025-11-04 10:58:42,239 [Worker-20: Building] INFO  o.a.m.s.f.DefaultMavenResourcesFiltering - skip non existing resourceDirectory D:\OnlineVotingApplication Project SpringBoot\BackEnd\VoteZy\src\test\resources
2025-11-04 10:59:13,140 [Start Help Server] INFO  org.eclipse.jetty.server.Server - jetty-12.0.16; built: 2024-12-09T21:02:54.535Z; git: c3f88bafb4e393f23204dc14dc57b042e84debc7; jvm 21.0.6+7-LTS
2025-11-04 10:59:13,271 [Start Help Server] INFO  o.e.j.server.handler.ContextHandler - Started oeje8n.ContextHandler$CoreContextHandler@16ba662e{/help,/help,b=null,a=AVAILABLE,h=oeje8n.ContextHandler$CoreContextHandler$CoreToNestedHandler@7d7a4fea{STARTED}}
2025-11-04 10:59:13,273 [Start Help Server] INFO  o.e.j.s.DefaultSessionIdManager - Session workerName=node0
2025-11-04 10:59:13,344 [Start Help Server] INFO  o.e.jetty.server.AbstractConnector - Started ServerConnector@65ce65dc{HTTP/1.1, (http/1.1)}{127.0.0.1:63213}
2025-11-04 10:59:13,396 [Start Help Server] INFO  org.eclipse.jetty.server.Server - Started oejs.Server@41e78d37{STARTING}[12.0.16,sto=0] @3660348ms
2025-11-04 11:00:27,333 [Worker-18: Building] INFO  o.a.m.s.f.DefaultMavenResourcesFiltering - Copying 1 resource from src\main\resources to target\classes
2025-11-04 11:00:27,342 [Worker-18: Building] INFO  o.a.m.s.f.DefaultMavenResourcesFiltering - Copying 0 resource from src\main\resources to target\classes
2025-11-04 11:00:27,347 [Worker-18: Building] INFO  o.a.m.s.f.DefaultMavenResourcesFiltering - skip non existing resourceDirectory D:\OnlineVotingApplication Project SpringBoot\BackEnd\VoteZy\src\test\resources
2025-11-04 11:14:10,811 [Stop Help Server] INFO  org.eclipse.jetty.server.Server - Stopped oejs.Server@41e78d37{STOPPING}[12.0.16,sto=0]
2025-11-04 11:14:10,862 [Stop Help Server] INFO  o.e.jetty.server.AbstractConnector - Stopped ServerConnector@65ce65dc{HTTP/1.1, (http/1.1)}{127.0.0.1:0}
2025-11-04 11:41:54,326 [Worker-4: Loading available Gradle versions] INFO  o.e.b.c.i.u.g.PublishedGradleVersions - Gradle version information cache is out-of-date. Trying to update.
2025-11-04 11:41:55,033 [Worker-4: Loading available Gradle versions] INFO  o.e.b.c.i.u.g.PublishedGradleVersions - Updating Gradle version information cache failed. Using outdated cache.
2025-11-04 11:44:25,203 [Start Help Server] INFO  org.eclipse.jetty.server.Server - jetty-12.0.16; built: 2024-12-09T21:02:54.535Z; git: c3f88bafb4e393f23204dc14dc57b042e84debc7; jvm 21.0.6+7-LTS
2025-11-04 11:44:25,321 [Start Help Server] INFO  o.e.j.server.handler.ContextHandler - Started oeje8n.ContextHandler$CoreContextHandler@46056bc3{/help,/help,b=null,a=AVAILABLE,h=oeje8n.ContextHandler$CoreContextHandler$CoreToNestedHandler@574d12a{STARTED}}
2025-11-04 11:44:25,322 [Start Help Server] INFO  o.e.j.s.DefaultSessionIdManager - Session workerName=node0
2025-11-04 11:44:25,375 [Start Help Server] INFO  o.e.jetty.server.AbstractConnector - Started ServerConnector@2d52aa5{HTTP/1.1, (http/1.1)}{127.0.0.1:51695}
2025-11-04 11:44:25,406 [Start Help Server] INFO  org.eclipse.jetty.server.Server - Started oejs.Server@4b71b6ab{STARTING}[12.0.16,sto=0] @221148ms
2025-11-04 11:49:05,740 [Worker-10: Building] INFO  o.a.m.s.f.DefaultMavenResourcesFiltering - Copying 1 resource from src\main\resources to target\classes
2025-11-04 11:49:05,757 [Worker-10: Building] INFO  o.a.m.s.f.DefaultMavenResourcesFiltering - Copying 0 resource from src\main\resources to target\classes
2025-11-04 11:49:05,763 [Worker-10: Building] INFO  o.a.m.s.f.DefaultMavenResourcesFiltering - skip non existing resourceDirectory D:\OnlineVotingApplication Project SpringBoot\BackEnd\VoteZy\src\test\resources
2025-11-04 11:57:07,507 [Worker-9: Building] INFO  o.a.m.s.f.DefaultMavenResourcesFiltering - Copying 1 resource from src\main\resources to target\classes
2025-11-04 11:57:07,516 [Worker-9: Building] INFO  o.a.m.s.f.DefaultMavenResourcesFiltering - Copying 0 resource from src\main\resources to target\classes
2025-11-04 11:57:07,522 [Worker-9: Building] INFO  o.a.m.s.f.DefaultMavenResourcesFiltering - skip non existing resourceDirectory D:\OnlineVotingApplication Project SpringBoot\BackEnd\VoteZy\src\test\resources
2025-11-04 11:58:43,703 [Worker-21: Building] INFO  o.e.m.c.i.l.LifecycleMappingFactory - Using org.eclipse.m2e.jdt.JarLifecycleMapping lifecycle mapping for MavenProject: com.example:VoteZy:0.0.1-SNAPSHOT @ D:\OnlineVotingApplication Project SpringBoot\BackEnd\VoteZy\pom.xml.
2025-11-04 11:58:45,616 [Worker-21: Building] INFO  o.a.m.s.f.DefaultMavenResourcesFiltering - Copying 1 resource from src\main\resources to target\classes
2025-11-04 11:58:45,633 [Worker-21: Building] INFO  o.a.m.s.f.DefaultMavenResourcesFiltering - Copying 0 resource from src\main\resources to target\classes
2025-11-04 11:58:45,639 [Worker-21: Building] INFO  o.a.m.s.f.DefaultMavenResourcesFiltering - skip non existing resourceDirectory D:\OnlineVotingApplication Project SpringBoot\BackEnd\VoteZy\src\test\resources
2025-11-04 11:58:47,323 [Worker-23: Building] INFO  o.a.m.s.f.DefaultMavenResourcesFiltering - Copying 1 resource from src\main\resources to target\classes
2025-11-04 11:58:47,340 [Worker-23: Building] INFO  o.a.m.s.f.DefaultMavenResourcesFiltering - Copying 0 resource from src\main\resources to target\classes
2025-11-04 11:58:47,344 [Worker-23: Building] INFO  o.a.m.s.f.DefaultMavenResourcesFiltering - skip non existing resourceDirectory D:\OnlineVotingApplication Project SpringBoot\BackEnd\VoteZy\src\test\resources
2025-11-04 11:59:37,130 [Worker-27: Building] INFO  o.a.m.s.f.DefaultMavenResourcesFiltering - Copying 1 resource from src\main\resources to target\classes
2025-11-04 11:59:37,138 [Worker-27: Building] INFO  o.a.m.s.f.DefaultMavenResourcesFiltering - Copying 0 resource from src\main\resources to target\classes
2025-11-04 11:59:37,143 [Worker-27: Building] INFO  o.a.m.s.f.DefaultMavenResourcesFiltering - skip non existing resourceDirectory D:\OnlineVotingApplication Project SpringBoot\BackEnd\VoteZy\src\test\resources
2025-11-04 12:00:35,334 [Worker-22: Building] INFO  o.a.m.s.f.DefaultMavenResourcesFiltering - Copying 1 resource from src\main\resources to target\classes
2025-11-04 12:00:35,342 [Worker-22: Building] INFO  o.a.m.s.f.DefaultMavenResourcesFiltering - Copying 0 resource from src\main\resources to target\classes
2025-11-04 12:00:35,345 [Worker-22: Building] INFO  o.a.m.s.f.DefaultMavenResourcesFiltering - skip non existing resourceDirectory D:\OnlineVotingApplication Project SpringBoot\BackEnd\VoteZy\src\test\resources
2025-11-04 12:04:24,919 [Worker-20: Building] INFO  o.a.m.s.f.DefaultMavenResourcesFiltering - Copying 1 resource from src\main\resources to target\classes
2025-11-04 12:04:24,932 [Worker-20: Building] INFO  o.a.m.s.f.DefaultMavenResourcesFiltering - Copying 0 resource from src\main\resources to target\classes
2025-11-04 12:04:24,939 [Worker-20: Building] INFO  o.a.m.s.f.DefaultMavenResourcesFiltering - skip non existing resourceDirectory D:\OnlineVotingApplication Project SpringBoot\BackEnd\VoteZy\src\test\resources
2025-11-04 12:08:15,616 [Worker-28: Building] INFO  o.a.m.s.f.DefaultMavenResourcesFiltering - Copying 1 resource from src\main\resources to target\classes
2025-11-04 12:08:15,625 [Worker-28: Building] INFO  o.a.m.s.f.DefaultMavenResourcesFiltering - Copying 0 resource from src\main\resources to target\classes
2025-11-04 12:08:15,629 [Worker-28: Building] INFO  o.a.m.s.f.DefaultMavenResourcesFiltering - skip non existing resourceDirectory D:\OnlineVotingApplication Project SpringBoot\BackEnd\VoteZy\src\test\resources
2025-11-04 12:13:54,360 [Worker-20: Building] INFO  o.a.m.s.f.DefaultMavenResourcesFiltering - Copying 1 resource from src\main\resources to target\classes
2025-11-04 12:13:54,371 [Worker-20: Building] INFO  o.a.m.s.f.DefaultMavenResourcesFiltering - Copying 0 resource from src\main\resources to target\classes
2025-11-04 12:13:54,376 [Worker-20: Building] INFO  o.a.m.s.f.DefaultMavenResourcesFiltering - skip non existing resourceDirectory D:\OnlineVotingApplication Project SpringBoot\BackEnd\VoteZy\src\test\resources
2025-11-04 12:15:17,127 [Worker-21: Building] INFO  o.a.m.s.f.DefaultMavenResourcesFiltering - Copying 1 resource from src\main\resources to target\classes
2025-11-04 12:15:17,136 [Worker-21: Building] INFO  o.a.m.s.f.DefaultMavenResourcesFiltering - Copying 0 resource from src\main\resources to target\classes
2025-11-04 12:15:17,139 [Worker-21: Building] INFO  o.a.m.s.f.DefaultMavenResourcesFiltering - skip non existing resourceDirectory D:\OnlineVotingApplication Project SpringBoot\BackEnd\VoteZy\src\test\resources
2025-11-04 12:15:27,304 [Worker-31: Building] INFO  o.a.m.s.f.DefaultMavenResourcesFiltering - Copying 1 resource from src\main\resources to target\classes
2025-11-04 12:15:27,314 [Worker-31: Building] INFO  o.a.m.s.f.DefaultMavenResourcesFiltering - Copying 0 resource from src\main\resources to target\classes
2025-11-04 12:15:27,317 [Worker-31: Building] INFO  o.a.m.s.f.DefaultMavenResourcesFiltering - skip non existing resourceDirectory D:\OnlineVotingApplication Project SpringBoot\BackEnd\VoteZy\src\test\resources
2025-11-04 12:17:43,698 [Worker-30: Building] INFO  o.a.m.s.f.DefaultMavenResourcesFiltering - Copying 1 resource from src\main\resources to target\classes
2025-11-04 12:17:43,709 [Worker-30: Building] INFO  o.a.m.s.f.DefaultMavenResourcesFiltering - Copying 0 resource from src\main\resources to target\classes
2025-11-04 12:17:43,714 [Worker-30: Building] INFO  o.a.m.s.f.DefaultMavenResourcesFiltering - skip non existing resourceDirectory D:\OnlineVotingApplication Project SpringBoot\BackEnd\VoteZy\src\test\resources
2025-11-04 12:19:11,237 [Worker-30: Building] INFO  o.a.m.s.f.DefaultMavenResourcesFiltering - Copying 1 resource from src\main\resources to target\classes
2025-11-04 12:19:11,251 [Worker-30: Building] INFO  o.a.m.s.f.DefaultMavenResourcesFiltering - Copying 0 resource from src\main\resources to target\classes
2025-11-04 12:19:11,257 [Worker-30: Building] INFO  o.a.m.s.f.DefaultMavenResourcesFiltering - skip non existing resourceDirectory D:\OnlineVotingApplication Project SpringBoot\BackEnd\VoteZy\src\test\resources
2025-11-04 12:20:04,466 [Worker-30: Building] INFO  o.a.m.s.f.DefaultMavenResourcesFiltering - Copying 1 resource from src\main\resources to target\classes
2025-11-04 12:20:04,476 [Worker-30: Building] INFO  o.a.m.s.f.DefaultMavenResourcesFiltering - Copying 0 resource from src\main\resources to target\classes
2025-11-04 12:20:04,481 [Worker-30: Building] INFO  o.a.m.s.f.DefaultMavenResourcesFiltering - skip non existing resourceDirectory D:\OnlineVotingApplication Project SpringBoot\BackEnd\VoteZy\src\test\resources
2025-11-04 12:20:30,214 [Worker-31: Building] INFO  o.a.m.s.f.DefaultMavenResourcesFiltering - Copying 1 resource from src\main\resources to target\classes
2025-11-04 12:20:30,223 [Worker-31: Building] INFO  o.a.m.s.f.DefaultMavenResourcesFiltering - Copying 0 resource from src\main\resources to target\classes
2025-11-04 12:20:30,229 [Worker-31: Building] INFO  o.a.m.s.f.DefaultMavenResourcesFiltering - skip non existing resourceDirectory D:\OnlineVotingApplication Project SpringBoot\BackEnd\VoteZy\src\test\resources
2025-11-04 12:21:22,042 [Worker-21: Building] INFO  o.a.m.s.f.DefaultMavenResourcesFiltering - Copying 1 resource from src\main\resources to target\classes
2025-11-04 12:21:22,051 [Worker-21: Building] INFO  o.a.m.s.f.DefaultMavenResourcesFiltering - Copying 0 resource from src\main\resources to target\classes
2025-11-04 12:21:22,055 [Worker-21: Building] INFO  o.a.m.s.f.DefaultMavenResourcesFiltering - skip non existing resourceDirectory D:\OnlineVotingApplication Project SpringBoot\BackEnd\VoteZy\src\test\resources
2025-11-04 12:23:07,903 [Worker-21: Building] INFO  o.a.m.s.f.DefaultMavenResourcesFiltering - Copying 1 resource from src\main\resources to target\classes
2025-11-04 12:23:07,913 [Worker-21: Building] INFO  o.a.m.s.f.DefaultMavenResourcesFiltering - Copying 0 resource from src\main\resources to target\classes
2025-11-04 12:23:07,918 [Worker-21: Building] INFO  o.a.m.s.f.DefaultMavenResourcesFiltering - skip non existing resourceDirectory D:\OnlineVotingApplication Project SpringBoot\BackEnd\VoteZy\src\test\resources
2025-11-04 12:23:34,844 [Worker-33: Building] INFO  o.a.m.s.f.DefaultMavenResourcesFiltering - Copying 1 resource from src\main\resources to target\classes
2025-11-04 12:23:34,855 [Worker-33: Building] INFO  o.a.m.s.f.DefaultMavenResourcesFiltering - Copying 0 resource from src\main\resources to target\classes
2025-11-04 12:23:34,859 [Worker-33: Building] INFO  o.a.m.s.f.DefaultMavenResourcesFiltering - skip non existing resourceDirectory D:\OnlineVotingApplication Project SpringBoot\BackEnd\VoteZy\src\test\resources
2025-11-04 12:29:12,747 [Worker-31: Building] INFO  o.a.m.s.f.DefaultMavenResourcesFiltering - Copying 1 resource from src\main\resources to target\classes
2025-11-04 12:29:12,758 [Worker-31: Building] INFO  o.a.m.s.f.DefaultMavenResourcesFiltering - Copying 0 resource from src\main\resources to target\classes
2025-11-04 12:29:12,762 [Worker-31: Building] INFO  o.a.m.s.f.DefaultMavenResourcesFiltering - skip non existing resourceDirectory D:\OnlineVotingApplication Project SpringBoot\BackEnd\VoteZy\src\test\resources
2025-11-04 12:29:20,056 [Stop Help Server] INFO  org.eclipse.jetty.server.Server - Stopped oejs.Server@4b71b6ab{STOPPING}[12.0.16,sto=0]
2025-11-04 12:29:20,075 [Stop Help Server] INFO  o.e.jetty.server.AbstractConnector - Stopped ServerConnector@2d52aa5{HTTP/1.1, (http/1.1)}{127.0.0.1:0}
2025-11-04 13:25:31,284 [Worker-1: Loading available Gradle versions] INFO  o.e.b.c.i.u.g.PublishedGradleVersions - Gradle version information cache is out-of-date. Trying to update.
2025-11-04 13:28:26,748 [Worker-14: Building] INFO  o.a.m.s.f.DefaultMavenResourcesFiltering - Copying 1 resource from src\main\resources to target\classes
2025-11-04 13:28:26,786 [Worker-14: Building] INFO  o.a.m.s.f.DefaultMavenResourcesFiltering - Copying 0 resource from src\main\resources to target\classes
2025-11-04 13:28:26,791 [Worker-14: Building] INFO  o.a.m.s.f.DefaultMavenResourcesFiltering - skip non existing resourceDirectory D:\OnlineVotingApplication Project SpringBoot\BackEnd\VoteZy\src\test\resources
2025-11-04 17:35:41,851 [Worker-4: Loading available Gradle versions] INFO  o.e.b.c.i.u.g.PublishedGradleVersions - Gradle version information cache is up-to-date. Trying to read.
